URL,Label,iframe_count,small_area,line_counts,max_length_line,space_%,js_count,ext_js_count,obfus_suspicious_func_count,var_function,dom_counts,Entropy,special char_ratio,suspicious_word
google.com,0,0,0,11,4529,1.007096381,11,1,5,328,48,2.646439345,0,0
youtube.com,0,2,0,1456,14637,0.978956192,18,5,0,51,6,3.095795255,0,0
tmall.com,0,1,0,618,182177,1.002109132,0,0,0,0,0,2.725480557,0,0
facebook.com,0,0,0,31,160520,0.977462264,25,12,1,48,0,3.022055209,0,0
qq.com,0,0,0,3040,8096,0.824864691,21,13,1,15,7,2.251629167,0,0
sohu.com,0,11,0,2563,673,0.761622439,33,25,2,25,3,2.75,0,0
taobao.com,0,0,0,2143,133704,0.959247107,0,0,0,0,0,2.646439345,0,0
360.cn,0,0,0,20,8086,1.023906957,23,14,3,75,3,2.584962501,0,0
wikipedia.org,0,0,0,828,21607,0.998290994,0,0,0,0,0,3.334679141,0,0
jd.com,0,0,0,417,3674,0.992118824,56,32,1,170,14,2.584962501,0,0
yahoo.com,0,4,0,1998,140796,0.949355161,65,34,5,657,102,2.641604168,0,0
amazon.com,0,2,0,96,280,0.755,131,8,8,776,76,2.721928095,0,0
weibo.com,0,4,0,153,32190,0.991095502,17,4,1,126,18,2.947702779,0,0
reddit.com,0,0,0,480,71182,0.999421764,36,28,0,896,0,3.121928095,0,0
pages.tmall.com,0,0,0,321,2217,0.813147106,0,0,0,0,0,3.373557262,0,0
netflix.com,0,1,0,85,385057,1.000366829,14,2,11,1166,35,3.459431619,0,0
live.com,0,2,0,99,27282,1.025619903,11,10,0,1,0,3,0,0
okezone.com,0,7,1,1924,441,0.825549335,34,18,0,44,20,2.845350937,0,0
bongacams.com,0,0,0,1,220,1.159090909,1,0,0,1,0,3.085055103,0,0
blogspot.com,0,0,0,939,4310,0.969336777,4,3,0,2,4,3.188721876,0,0
xinhuanet.com,0,8,0,2900,1723,0.958624689,34,26,1,81,25,3.546593564,0,0
alipay.com,0,1,0,651,443,0.942716929,5,2,0,25,4,3.121928095,0,0
csdn.net,0,12,0,3845,2732,0.744919473,20,18,0,10,4,2.75,0,0
livejasmin.com,0,6,1,3745,25109,0.969536273,48,37,1,529,43,3.521640636,0,0
instagram.com,0,0,0,320,14123,0.988048838,18,11,0,90,0,3.39274741,0,0
twitch.tv,0,0,0,1,90968,1.000131915,12,8,2,66,11,2.641604168,0,0
bing.com,0,0,0,20,35023,0.999623608,8,2,10,375,54,3,0,0
yahoo.co.jp,0,3,2,57,53619,1.000033163,38,27,0,9,4,2.845350937,0,0
tianya.cn,0,0,0,130,324,0.945649113,7,5,4,21,2,2.725480557,0,0
twitter.com,0,6,0,999,240757,0.844492952,14,6,1,50,14,3.027169118,0,0
amazon.in,0,0,0,115,278,0.991748624,6,3,0,4,3,2.725480557,0,0
microsoft.com,0,3,0,1088,16813,0.885123387,29,6,4,427,95,3.026986833,0,0
google.com.hk,0,0,0,11,5164,1.006992585,11,2,5,328,48,3.026986833,0,0
amazon.co.jp,0,3,0,1754,25527,0.991543765,142,8,9,819,96,3.084962501,0,0
github.com,0,0,0,1202,1994,0.913387646,6,5,0,3,0,3.321928095,0,0
naver.com,0,5,0,1546,73465,0.982191319,24,5,0,17,11,3.169925001,0,0
tribunnews.com,0,3,1,3191,18569,0.935490754,65,35,5,367,51,3.664497779,0,0
google.co.in,0,0,0,11,5147,1.007006241,11,2,5,328,48,2.855388542,0,0
pornhub.com,0,0,0,1,218,1.160550459,1,0,0,1,0,3.277613437,0,0
ok.ru,0,0,0,377,53345,0.986094633,32,4,5,52,2,2.321928095,0,0
panda.tv,0,0,0,199,106181,0.998341817,3,1,0,8,4,2.75,0,0
zhanqi.tv,0,0,0,2183,19064,0.613982313,41,18,1,38,9,3.169925001,0,0
china.com.cn,0,17,0,1536,1744,0.757496029,8,6,2,0,0,2.855388542,0,0
stackoverflow.com,0,0,0,1335,1754,0.82828274,12,7,0,31,13,3.690116518,0,0
office.com,0,0,0,1059,1091,0.840374655,13,8,0,32,0,2.721928095,0,0
soso.com,0,0,0,87,2532,0.991574966,3,2,2,14,2,2.155639062,0,0
imdb.com,0,1,0,372,205473,0.998104499,86,47,1,100,5,2.75,0,0
hao123.com,0,5,0,185,35792,1.004518664,67,8,0,221,6,3.121928095,0,0
mama.cn,0,0,0,3524,1224,0.836028596,36,17,7,84,16,2.235926351,0,0
adobe.com,0,0,0,2621,8618,0.837203856,36,17,7,84,16,2.947702779,0,0
myshopify.com,0,0,0,135,915,0.959968515,2,1,0,5,0,3.238901257,0,0
apple.com,0,0,0,729,9824,0.936125654,14,10,0,0,0,2.947702779,0,0
msn.com,0,5,0,550,5093,0.952964573,23,4,6,409,44,2.521640636,0,0
savefrom.net,0,1,0,818,18724,0.968180529,52,11,10,521,22,3.418295834,0,0
xvideos.com,0,0,0,1,218,1.160550459,1,0,0,1,0,3.277613437,0,0
booking.com,0,5,0,6236,59458,0.997389194,91,46,2,321,24,3.027169118,0,0
google.com.br,0,0,0,11,5165,1.007002857,11,2,5,328,48,3.026986833,0,0
linkedin.com,0,1,0,2009,339,0.854100899,3,2,0,2,0,3.251629167,0,0
huanqiu.com,0,0,0,50,74998,0.996032336,35,13,4,22,8,3.277613437,0,0
canva.com,0,2,0,93,1463,0.921104536,5,4,0,0,0,2.725480557,0,0
whatsapp.com,0,1,0,54,29043,0.983161679,29,14,0,48,0,3.251629167,0,0
aparat.com,0,0,1,2233,659,0.75365683,21,10,0,61,12,2.846439345,0,0
espn.com,0,6,0,977,60433,1.003827855,39,14,6,362,13,3,0,0
google.co.jp,0,0,0,11,5108,1.006998351,11,1,5,328,48,2.855388542,0,0
sogou.com,0,0,0,2,13552,0.98862501,9,6,1,13,1,2.641604168,0,0
dropbox.com,0,1,0,174,25710,0.999460689,63,23,1,328,15,3.027169118,0,0
flipkart.com,0,0,0,167,141271,0.999906306,12,4,0,13,0,3.584962501,0,0
roblox.com,0,0,0,750,2317,0.984226526,0,0,0,0,0,2.846439345,0,0
spotify.com,0,4,1,317,3844,0.949822523,52,37,0,27,16,3.277613437,0,0
hotstar.com,0,0,0,391,77364,1.000072644,24,21,2,29,12,3.095795255,0,0
yy.com,0,7,0,2829,622,0.874956343,21,13,9,340,16,2.251629167,0,0
fandom.com,0,1,1,8020,2839,0.864498693,26,13,1,40,6,2.921928095,0,0
detik.com,0,6,1,2603,3061,0.78697238,66,28,0,182,57,3.169925001,0,0
bbc.com,0,6,0,2711,13963,0.82535552,88,33,4,408,9,2.235926351,0,0
amazon.de,0,0,0,115,19793,0.991739755,6,3,0,4,71,2.947702779,0,0
amazon.co.uk,0,0,0,115,284,0.991376873,6,3,0,4,3,3.084962501,0,0
17ok.com,0,0,0,756,31193,0.958136786,12,6,0,40,10,2.75,0,0
google.de,0,0,0,11,5125,1.007002576,11,2,5,328,48,2.503258335,0,0
google.ru,0,0,0,11,5140,1.007003562,11,2,5,328,48,2.725480557,0,0
google.fr,0,0,0,11,5146,1.007006241,11,2,5,328,48,2.725480557,0,0
onlinesbi.com,0,0,0,581,440,0.864241872,7,6,0,3,0,3.238901257,0,0
bbc.co.uk,0,5,0,658,130457,0.978314559,88,35,4,408,9,2.503258335,0,0
rakuten.co.jp,0,3,0,4354,2402,0.99968526,83,49,1,86,1,3.546593564,0,0
google.es,0,0,0,11,5116,1.006998351,11,2,5,328,48,2.503258335,0,0
google.it,0,0,0,11,5152,1.006998632,11,2,5,328,48,2.725480557,0,0
imgur.com,0,2,1,1,4209,1.047517225,24,18,0,24,18,2.947702779,0,0
medium.com,0,1,0,9,94921,0.999755245,18,10,0,525,4,2.846439345,0,0
ettoday.net,0,1,0,1171,2042,0.766730946,18,9,0,525,4,2.845350937,0,0
xhamster.com,0,0,0,2420,24371,0.878018829,23,12,1,98,24,3.418295834,0,0
pixnet.net,0,0,1,2,3435,1.003724395,25,12,0,26,12,2.721928095,0,0
soundcloud.com,0,0,0,231,2049,0.972919605,13,7,0,25,4,3.039148672,0,0
tumblr.com,0,5,2,346,9290,1.002204598,25,11,3,48,4,3.121928095,0,0
paypal.com,0,1,0,488,15834,0.851711027,14,6,1,13,2,2.921928095,0,0
discordapp.com,0,0,1,46,29954,0.997653684,10,7,0,4,8,3.235926351,0,0
google.com.sg,0,0,0,11,5119,1.007001167,11,2,5,328,48,2.81507241,0,0
jrj.com.cn,0,17,0,2596,3908,0.917795161,62,47,5,87,1,2.721928095,0,0
nytimes.com,0,5,1,378,1105514,0.999824893,42,19,9,586,34,3.277613437,0,0
udemy.com,0,0,0,154,142,0.895671392,5,4,0,5,6,2.947702779,0,0
primevideo.com,0,0,0,306,22306,0.981545481,12,6,3,143,13,3.235926351,0,0
liputan6.com,0,2,1,3177,158005,1.000409834,68,24,2,1191,116,3.584962501,0,0
stackexchange.com,0,0,0,1611,3311,0.852950781,10,5,0,17,4,3.572469459,0,0
amazonaws.com,0,0,0,2890,629,0.860019259,31,13,2,13,0,3.026986833,0,0
bilibili.com,0,0,0,21,89992,1.001424802,17,12,0,11,0,2.584962501,0,0
thestartmagazine.com,0,1,0,21,15193,1.001329282,13,6,6,86,28,3.646439345,0,0
google.cn,0,0,0,34,1694,0.992909988,1,0,0,14,2,2.725480557,0,0
kompas.com,0,3,1,2056,6525,0.726825712,53,26,8,252,80,2.921928095,0,0
walmart.com,0,0,0,306,48467,0.99972316,49,25,0,356,42,3.095795255,0,0
nih.gov,0,0,0,753,3640,0.936686547,21,17,0,4,4,2.807354922,0,0
digikala.com,0,0,1,5833,9851,0.809163873,32,12,1,240,25,3.251629167,0,0
sindonews.com,0,2,0,235,66156,1.001710894,32,17,0,71,13,3.238901257,0,0
metropoles.com,0,7,1,1,458323,0.970630258,55,37,0,116,49,3.182005815,0,0
globo.com,0,0,0,1947,200100,0.973680375,34,16,9,1576,50,2.641604168,0,0
cnn.com,0,7,0,187,574709,0.999762957,59,35,0,72,16,2.235926351,0,0
cnblogs.com,0,1,0,657,2426,0.907106234,16,8,0,10,0,3.095795255,0,0
freepik.com,0,2,1,7,41,0.840175641,170,42,2,142,18,3.277613437,0,0
blockoption.io,0,0,1,64,32244,1.000475853,34,21,0,58,34,3.093069208,0,0
etsy.com,0,3,2,5720,5342,0.833790302,56,15,0,129,23,3,0,0
google.co.uk,0,0,0,11,5150,1.006997929,11,2,5,328,48,2.855388542,0,0
instructure.com,0,1,1,1573,7368,0.999820437,70,53,2,174,69,3.373557262,0,0
cricbuzz.com,0,1,1,2,59478,0.982879134,11,2,8,41,29,3.022055209,0,0
slideshare.net,0,2,0,1817,11090,0.87595799,13,6,1,183,41,3.324862958,0,0
google.com.tw,0,0,0,11,5138,1.006997507,11,2,5,328,48,3.026986833,0,0
google.com.tr,0,0,0,11,5168,1.006994272,11,2,5,328,48,3.026986833,0,0
theguardian.com,0,8,0,5479,347779,1.002564593,0,0,0,0,0,3.773557262,0,0
breitbart.com,0,11,0,136,64809,0.99479399,18,10,0,75,19,3.238901257,0,0
pinterest.com,0,0,0,1,54598,1.000036443,0,0,0,0,0,3.39274741,0,0
bet9ja.com,0,0,1,220,206,0.642709313,92,53,0,287,80,3.321928095,0,0
gome.com.cn,0,3,0,945,48873,0.854035059,17,3,1,20,0,2.732158891,0,0
chase.com,0,1,0,982,1083,0.89901247,23,10,0,33,12,2.947702779,0,0
avito.ru,0,6,1,230,185195,0.801587582,98,92,1,104,16,3,0,0
daum.net,0,5,0,2972,514,0.998965942,10,9,0,13,0,3,0,0
google.com.mx,0,0,0,11,5105,1.006995678,11,2,5,328,48,2.87314068,0,0
shutterstock.com,0,0,1,7,46,0.999822313,20,9,2,321,8,3.327819531,0,0
youm7.com,0,18,0,2290,747,0.711266553,51,28,0,50,20,2.725480557,0,0
duckduckgo.com,0,1,0,105,318,0.971038554,7,4,0,5,3,2.896291529,0,0
cnet.com,0,1,0,4787,10860,0.724517467,13,5,0,61,9,2.75,0,0
researchgate.net,0,0,1,102,14096,0.998638633,25,16,0,18,12,3.125,0,0
bet365.com,0,0,0,28,70359,1.000203618,1,0,7,97,15,3.321928095,0,0
iqiyi.com,0,1,0,2290,38197,0.823656597,26,17,2,122,24,2.641604168,0,0
wikihow.com,0,0,0,1027,45256,0.970987114,0,1,0,175,0,2.913977073,0,0
iqoption.com,0,0,0,1,219,1.159817352,1,0,0,1,0,3.022055209,0,0
upwork.com,0,1,1,154,153,0.996173395,4,2,0,5,6,3.121928095,0,0
mediafire.com,0,5,1,77,10101,0.984381157,33,16,0,57,10,3.238901257,0,0
gfycat.com,0,4,0,52,116576,1.000120602,19,11,0,16,22,3.121928095,0,0
craigslist.org,0,1,0,720,863,0.9649794,6,2,0,17,3,3.235926351,0,0
thepiratebay.org,0,0,0,74,179,1.002827521,4,3,0,0,0,3.5,0,0
hulu.com,0,0,0,63,240430,0.999943195,10,6,10,246,8,2.75,0,0
speedtest.net,0,3,1,709,22725,0.958197287,22,14,0,67,11,2.565448372,0,0
archive.org,0,0,0,2367,2100,0.712241072,23,16,1,13,0,3.277613437,0,0
w3schools.com,0,5,0,1084,278,0.961352897,25,20,1,36,44,3.026986833,0,0
chaturbate.com,0,4,0,2545,24818,1.013130099,32,14,4,876,5,3.378783493,0,0
mercadolivre.com.br,0,3,0,251,85203,0.999948414,29,16,6,640,43,3.471354487,0,0
ladbible.com,0,0,0,772,317158,0.998574815,29,18,0,32,16,3.251629167,0,0
t.co,0,0,0,47,337,0.956934957,1,0,0,0,0,2,0,0
ebay.de,0,6,0,100,158591,0.955446242,62,18,5,219,13,2.521640636,0,0
steamcommunity.com,0,0,0,541,359,0.905894065,21,15,0,10,4,3.392147224,0,0
op.gg,0,1,1,613,20504,0.982720579,68,40,9,672,38,1.921928095,0,0
quizlet.com,0,2,0,35,47924,0.99929507,3,2,0,10,5,3.459431619,0,0
godaddy.com,0,0,0,1797,68480,0.975626366,34,11,0,127,32,2.845350937,0,0
mega.nz,0,0,0,39,155,0.996,2,2,0,0,0,2.807354922,0,0
google.com.sa,0,0,0,11,5153,1.007002012,11,2,5,328,48,3.026986833,0,0
chouftv.ma,0,4,0,2236,805,0.587579244,33,20,0,17,4,3.321928095,0,0
bukalapak.com,0,9,1,2247,42068,0.995480643,81,50,5,368,36,3.180832987,0,0
ask.com,0,3,1,1614,2147,0.91724663,30,16,0,151,13,2.807354922,0,0
y2mate.com,0,0,0,328,1456,1.000744925,2,4,0,19,0,3.121928095,0,0
zillow.com,0,1,1,46,615,0.998700382,6,4,0,17,1,2.921928095,0,0
dailymotion.com,0,1,1,165,58556,0.99717886,30,10,9,427,29,3.323231429,0,0
xnxx.com,0,0,0,1,215,1.162790698,1,0,0,1,0,2.405639062,0,0
google.ca,0,0,0,11,5156,1.007002857,11,2,5,328,48,2.725480557,0,0
redd.it,0,0,0,480,71182,0.99947767,36,28,0,896,0,2.521640636,0,0
crptgate.com,0,0,0,34,153,0.991712707,54,0,1,3,43,3.251629167,0,0
intuit.com,0,5,0,248,27176,0.74667514,33,29,2,20,3,2.921928095,0,0
namnak.com,0,0,0,1,684,1.001461988,3,2,0,6,0,2.721928095,0,0
google.com.eg,0,0,0,11,5150,1.006991883,11,2,5,328,48,2.661226256,0,0
zhihu.com,0,0,0,7,43,0.9998577,13,9,0,4,0,2.947702779,0,0
rednet.cn,0,1,0,3056,764,0.719435498,60,49,2,12,13,2.725480557,0,0
washingtonpost.com,0,1,0,455,140479,1.000213899,51,7,5,830,77,3.572431251,0,0
eastday.com,0,3,0,1455,5658,0.990484231,49,30,5,104,25,3.277613437,0,0
wix.com,0,0,1,7231,197074,0.982552055,26,7,3,105,11,2.807354922,0,0
office365.com,0,4,0,989,19036,0.891334936,26,14,4,471,100,3.238901257,0,0
amazon.it,0,0,0,115,19057,0.992104402,6,3,0,754,3,2.947702779,0,0
google.co.th,0,0,0,11,5161,1.00699385,10,2,5,328,48,2.855388542,0,0
wetransfer.com,0,0,1,145,83879,0.998971979,21,8,0,74,11,3.521640636,0,0
salesforce.com,0,4,1,6632,826,0.888164818,51,38,0,131,17,3.235926351,0,0
messenger.com,0,0,0,43,105999,0.996098625,38,24,0,51,0,3.026986833,0,0
alwafd.news,0,22,0,2441,3343,0.998931501,105,63,0,76,32,3.095795255,0,0
scribd.com,0,0,1,134,20227,1.000881718,44,22,0,35,19,3.121928095,0,0
google.co.id,0,0,0,11,5113,1.006999618,11,2,5,328,48,2.855388542,0,0
gmw.cn,0,11,0,1007,7203,0.958812714,27,23,2,6,5,2.584962501,0,0
yts.lt,0,2,0,767,2615,0.995442956,22,14,0,6,0,2.251629167,0,0
grammarly.com,0,1,1,5,19453,1.00176939,38,30,0,19,15,3.026986833,0,0
bestbuy.com,0,0,0,9,104,0.853812397,7,5,0,1,0,3.277613437,0,0
academia.edu,0,2,0,309,7309,0.986975987,25,9,0,47,23,2.855388542,0,0
varzesh3.com,0,1,0,5727,477,0.71855067,31,12,0,271,13,3.584962501,0,0
amazon.fr,0,2,0,1668,19404,0.993124989,110,8,8,736,73,2.947702779,0,0
googlevideo.com,0,0,0,11,3442,1.007124779,11,2,5,328,48,3.106890596,0,0
trendingnow.video,0,0,0,1,79,1.021321962,0,0,0,0,0,3.337175341,0,0
amazon.es,0,2,0,1689,19189,0.992724568,120,8,8,755,67,2.947702779,0,0
list.tmall.com,0,1,0,618,182176,1.002109123,0,0,0,0,0,3.039148672,0,0
hdfcbank.com,0,3,1,13098,77210,0.782331624,150,87,6,844,51,3.418295834,0,0
quora.com,0,0,0,88,70916,0.999140951,0,0,0,0,0,2.947702779,0,0
gusimp.net,0,3,0,864,617,0.865682927,37,27,5,79,8,3.321928095,0,0
kinopoisk.ru,0,0,0,94,206648,0.994141905,19,14,0,205,3,3.084962501,0,0
espncricinfo.com,0,6,0,836,23648,1.000432016,0,0,0,0,0,3.327819531,0,0
airbnb.com,0,0,0,31,184406,1.000041791,83,72,2,56,5,3.121928095,0,0
google.com.ar,0,0,0,11,5176,1.006998069,11,2,5,328,48,3.026986833,0,0
1337x.to,0,0,0,127,341,1.002631579,8,5,0,2,2,2.75,0,0
vimeo.com,0,2,0,291,4540,0.962087032,25,16,3,60,28,2.725480557,0,0
nicovideo.jp,0,0,2,2329,598,0.87204276,44,7,0,14,12,3.251629167,0,0
healthline.com,0,1,0,27,39966,1.000056191,21,14,0,21,4,3.378783493,0,0
line.me,0,0,0,330,192,0.982246524,8,5,0,6,4,2.521640636,0,0
telegram.org,0,0,0,314,284,0.889084755,3,2,0,2,4,3.084962501,0,0
fc2.com,0,1,0,421,704,0.919174177,16,12,2,15,13,2.521640636,0,0
suara.com,0,11,0,4522,1063,0.647888025,66,29,0,99,36,2.947702779,0,0
kumparan.com,0,1,1,114,234714,0.999651611,59,33,2,141,38,3.251629167,0,0
wellsfargo.com,0,5,0,1592,1553,0.82258756,18,18,0,6,4,3.521640636,0,0
reverso.net,0,3,0,875,5922,0.935733443,41,24,0,60,19,2.845350937,0,0
nianhuo.tmall.com,0,1,0,618,182176,1.002109123,0,0,0,0,0,3.381580488,0,0
softonic.com,0,9,1,352,89954,1.004028957,104,28,0,89,28,3.022055209,0,0
google.pl,0,0,0,11,5197,1.007009205,11,2,5,328,48,2.503258335,0,0
tradingview.com,0,0,0,4205,20912,0.929458209,23,7,0,24,0,3.773557262,0,0
mcls.xyz,0,0,0,86,195,0.815578465,6,3,0,6,1,3,0,0
jianshu.com,0,4,0,24,96,0.926596992,13,10,0,10,4,3.459431619,0,0
telewebion.com,0,0,0,531,218977,1.00148058,17,10,0,9,8,3.324862958,0,0
stremanp.com,0,0,0,1,8,1.125,17,10,0,9,8,3.418295834,0,0
vhiyyaal32.top,0,0,0,615,484,0.8584003,2,1,0,16,136,3.521640636,0,0
ebay.co.uk,0,16,0,97,188167,0.95209103,61,19,5,213,13,3.121928095,0,0
popads.net,0,0,0,178,493,0.937121212,8,6,0,6,16,3.121928095,0,0
forbes.com,0,11,0,287,203586,1.001085396,93,60,3,165,72,3.121928095,0,0
ebay-kleinanzeigen.de,0,2,0,1996,13681,0.697132659,28,19,0,15,2,3.422577995,0.047619048,0
blogger.com,0,0,0,939,4310,0.969336777,4,3,0,2,4,3.095795255,0,0
envato.com,0,2,0,12,207064,1.001931358,7,5,0,49,17,3.121928095,0,0
51sole.com,0,0,0,1,263976,0.997088064,19,14,3,24,0,3.121928095,0,0
businessinsider.com,0,4,1,6812,5380,0.672374034,67,33,1,264,81,3.366091329,0,0
abs-cbn.com,0,2,1,1719,798,0.895281021,37,21,0,29,16,3.095795255,0.090909091,0
tistory.com,0,0,0,522,291,0.936344896,17,14,0,11,3,3.095795255,0,0
7t15ny0f4f.top,0,0,0,615,484,0.8584003,2,1,0,16,136,3.521640636,0,0
gamepedia.com,0,0,1,1395,1205,0.784231629,31,23,2,12,10,3.238901257,0,0
wikimedia.org,0,0,0,80,580,0.973872054,0,0,0,0,0,3.334679141,0,0
q6sehz699a.top,0,0,0,615,484,0.8584003,2,1,0,16,136,3.521640636,0,0
yelp.com,0,3,1,2173,17146,0.948614061,28,7,1,168,20,3,0,0
setn.com,0,4,1,3242,674,0.609915149,34,17,1,65,20,3,0,0
weather.com,0,0,0,45,385868,1.000351214,24,15,3,477,14,3.277613437,0,0
youporn.com,0,0,0,1,218,1.160550459,1,0,0,1,0,3.027169118,0,0
merdeka.com,0,2,1,2069,4768,0.94058885,56,27,5,146,90,3.095795255,0,0
ws1xr1u2b4.top,0,0,0,615,484,0.8584003,2,1,0,16,136,3.664497779,0,0
haoyer.com,0,0,0,1,120469,0.963999037,15,10,1,30,3,3.121928095,0,0
sarkariresult.com,0,7,1,0,0,1.011925281,15,10,0,35,8,3.572469459,0,0
tripadvisor.com,0,5,0,2258,610186,0.991253948,310,276,2,661,46,3.506890596,0,0
dailymail.co.uk,0,16,0,13960,50091,0.893547871,79,23,2,70,21,3.373557262,0,0
spankbang.com,0,3,0,1686,401,0.981349142,11,8,1,16,5,3.39274741,0,0
evernote.com,0,0,1,1439,6195,0.76460942,11,3,0,4,4,3.022055209,0,0
taboola.com,0,0,1,670,4731,0.954073456,0,0,0,0,0,2.845350937,0,0
ilovepdf.com,0,0,0,643,2984,0.861881842,4,2,0,6,4,3.418295834,0,0
allegro.pl,0,6,1,402,1079667,0.972789971,117,48,1,281,24,2.846439345,0,0
mercari.com,0,2,1,16,58,0.999737265,39,26,0,438,21,2.913977073,0,0
scol.com.cn,0,2,1,740,876,0.969544549,15,13,0,7,5,2.663532755,0,0
pexels.com,0,2,0,93,1463,0.92111565,5,4,0,0,0,3.121928095,0,0
amazon.cn,0,0,0,112,286,0.750577012,70,2,7,512,30,2.725480557,0,0
douban.com,0,3,1,0,0,0.857651376,17,11,1,62,22,3.121928095,0,0
albawabhnews.com,0,6,0,2185,1263,0.713313929,40,27,1,34,9,3.452819531,0,0
doubleclick.net,0,0,1,1959,3104,0.856139608,10,9,0,5,4,3.506890596,0,0
manoramaonline.com,0,10,1,3266,4216,0.92651225,56,22,0,207,36,3.113283334,0,0
digialm.com,0,0,0,708,993,0.940283769,17,9,0,23,5,3.095795255,0,0
busstrade.com,0,0,0,36,249,0.991629739,10,8,0,4,4,3.546593564,0,0
xfinity.com,0,1,0,1020,5379,0.858072917,11,13,0,4,0,3.277613437,0,0
sberbank.ru,0,1,2,61,27850,0.998721738,19,7,0,19,17,3.095795255,0,0
idntimes.com,0,9,1,2814,501,0.794849638,86,34,1,166,86,3.251629167,0,0
google.co.kr,0,0,0,11,4208,1.007104615,11,2,5,328,48,2.855388542,0,0
foxnews.com,0,18,0,467,3952,0.998914074,110,85,0,77,6,3.277613437,0,0
sportbible.com,0,0,0,754,191012,0.997698004,29,18,0,45,46,3.521640636,0,0
dostor.org,0,15,0,3188,2887,0.999008172,74,45,2,74,17,2.646439345,0,0
genius.com,0,0,0,542,94469,0.999088029,30,18,0,36,25,3.321928095,0,0
elpais.com,0,7,0,246,809293,0.998696196,173,21,8,358,29,3.321928095,0,0
mathrubhumi.com,0,1,1,1847,16474,0.662487221,75,22,1,300,38,3.323231429,0,0
vidio.com,0,1,1,136,749008,0.885165878,46,19,2,46,23,2.725480557,0,0
nfl.com,0,4,0,276,66158,0.997746774,29,18,1,57,4,2.807354922,0,0
wondershare.com,0,1,1,726,1348,0.82191592,38,27,0,33,31,3.506890596,0,0
narcity.com,0,6,0,572,1735,1.003142741,47,35,4,168,54,3.277613437,0,0
pixabay.com,0,2,0,93,767,0.910600255,5,4,0,0,0,3.277613437,0,0
jamnews.com,0,0,0,1979,4500,0.822947024,44,25,0,72,4,3.277613437,0,0
312168.com,0,0,0,987,7662,0.954971527,23,13,0,12,0,3.121928095,0,0
shimo.im,0,0,0,13,138336,1.000961043,0,0,0,0,0,2.5,0,0
hotmart.com,0,1,1,274,13714,1.004601886,0,23,1,463,23,2.913977073,0,0
tutorialspoint.com,0,0,0,1260,2708,0.922816021,12,8,0,56,4,3.530493057,0,0
hurriyet.com.tr,0,4,2,1,282180,0.9791112,0,0,0,0,0,3.323231429,0,0
google.com.pk,0,0,0,11,5158,1.006999055,11,1,5,328,48,3.026986833,0,0
xe.com,0,9,0,73,330,1.003112033,51,47,0,5,4,2.584962501,0,0
kijiji.ca,0,2,1,1791,7505,0.840362919,47,31,0,31,18,2.419381946,0,0
bhphotovideo.com,0,0,0,1359,24700,1.00780361,29,16,0,68,22,3.375,0,0
surveymonkey.com,0,5,1,1247,20831,0.856402655,43,28,5,386,13,3.5,0,0
crazygames.com,0,0,0,12993,232828,0.999575152,45,40,0,17,6,3.378783493,0,0
lifewire.com,0,2,1,2004,2856,1.006227662,18,12,0,38,4,3.251629167,0,0
hometax.go.kr,0,0,0,46,223,1.000766871,38,22,0,1,0,3.39274741,0,0
bmi.ir,0,0,0,1078,26708,0.88026972,17,11,0,10,5,2.251629167,0,0
qianx6.com,0,1,0,1149,83058,0.982471229,40,12,2,11609,9,3.321928095,0,0
popbela.com,0,14,1,2359,420,0.59094703,50,21,0,96,53,3.095795255,0,0
kotak.com,0,4,0,3514,1531,0.998819688,39,19,0,46,12,2.725480557,0,0
delish.com,0,0,0,2236,130996,0.949040427,49,36,5,289,38,3.321928095,0,0
dlsite.com,0,0,0,1,221,1.158371041,1,0,0,1,0,3.321928095,0,0
cdc.gov,0,0,0,825,49058,0.978689641,18,12,0,13,4,2.521640636,0,0
deref-gmx.net,0,0,0,0,0,0,0,0,0,0,0,3.334679141,0.076923077,0
clubic.com,0,8,1,2621,1614,0.869272666,33,19,1,208,34,2.846439345,0,0
bjp321.com,0,0,0,5139,411,0.729468908,15,12,0,12,8,3.321928095,0,0
skynewsarabia.com,0,2,1,657,150144,1.002199937,55,37,2,87,30,3.690116518,0,0
vipleague.lc,0,2,0,338,6707,0.899796229,9,7,0,2,1,3.251629167,0,0
yna.co.kr,0,1,0,2996,438,0.990177142,52,36,0,3,0,2.947702779,0,0
familydoctor.com.cn,0,0,0,234,517,0.967247308,11,7,0,15,4,3.536886724,0,0
woman.ru,0,7,0,880,17911,0.989140247,78,37,8,171,96,3,0,0
popfa.ir,0,4,0,581,1175,0.65188172,12,8,0,5,6,2.75,0,0
drugs.com,0,5,0,786,5399,0.9720172,20,13,0,32,6,3.169925001,0,0
vpnmentor.com,0,1,0,1699,154713,0.942112439,21,7,7,171,22,3.238901257,0,0
motherless.com,0,0,0,1,221,1.158371041,1,0,0,1,0,3.235926351,0,0
coupons.com,0,6,3,1751,63452,0.888774883,44,26,2,112,107,2.845350937,0,0
xdf.cn,0,2,0,1228,2778,0.756329019,73,50,4,110,45,2.584962501,0,0
kinogoo.cc,0,0,0,1214,11479,1.003052824,16,12,3,36,3,2.646439345,0,0
famousbirthdays.com,0,4,0,393,2604,1.0003748,21,12,0,105,25,3.826874882,0,0
ratopati.com,0,11,0,282,49194,0.999989959,52,31,0,53,14,3.084962501,0,0
pr0gramm.com,0,0,0,22,91,0.988693467,2,2,0,0,0,3.022055209,0,0
crichd.com,0,1,0,263,1071,1.000864134,11,10,0,8,0,2.846439345,0,0
kurir.rs,0,11,1,6566,1577,0.868825244,59,31,1,121,36,2.405639062,0,0
edf.fr,0,2,0,2008,31902,0.887403171,28,18,0,33,6,2.251629167,0,0
hnx-news3.club,0,0,0,1,6,1.166666667,0,0,0,0,0,3.664497779,0.071428571,0
freepdfconvert.com,0,1,1,637,1800,0.888341963,11,7,0,7,4,3.46132014,0,0
ebc.com.br,0,5,0,901,3882,0.861301145,45,34,0,24,4,2.721928095,0,0
law-justice.co,0,11,0,1197,438,0.655183832,34,28,0,8,4,3.664497779,0.071428571,0
bigbasket.com,0,4,0,9,106,0.919761292,0,0,0,0,0,3.546593564,0,0
jaboataoconstrucoes.com,0,0,0,356,1782,0.96409058,37,28,0,32,10,3.431413457,0,0
hirufm.lk,0,8,0,3159,499,0.84028143,67,28,2,74,9,3.169925001,0,0
fy169.net,0,0,0,150,206,0.971977086,3,1,0,9,4,3.169925001,0,0
t3.com,0,1,0,1793,24468,0.996918178,35,26,4,370,48,2.584962501,0,0
slideserve.com,0,4,0,816,572,0.798454447,12,9,0,16,11,3.324862958,0,0
verajohn.com,0,0,0,60,208,0.917344614,3,2,0,0,0,3.418295834,0,0
bravotube.net,0,0,0,1,220,1.159090909,1,0,0,1,0,3.238901257,0,0
wpmudev.org,0,3,0,1581,8055,1.000494037,34,20,0,43,16,3.459431619,0,0
brainly.co.id,0,1,1,50,21533,0.998977619,16,21,0,0,0,3.39274741,0,0
ml.com,0,1,0,959,965,0.788742587,34,22,0,40,24,2.251629167,0,0
usembassy.gov,0,2,1,944,2098,0.989535136,47,30,2,116,47,3.334679141,0,0
wlnk.ec,0,3,0,89,178,0.770295636,7,6,0,1,0,2.807354922,0,0
xitek.com,0,0,0,2289,5831,0.60840894,14,11,4,11,4,3.169925001,0,0
russian7.ru,0,12,0,798,1787,0.927022696,73,48,4,62,37,2.913977073,0,0
desire2learn.com,0,3,1,769,1172,0.963231881,34,22,4,25,12,3.577819531,0,0
jetfilmizle.pw,0,1,0,173,12181,0.995757556,17,13,0,44,13,3.378783493,0,0
xhamster2.com,0,0,0,1,220,1.159090909,1,0,0,1,0,3.546593564,0,0
caranddriver.com,0,0,0,2950,194850,0.943897799,47,8,1,368,19,3.327819531,0,0
dbs.com,0,5,0,807,2333,0.988455433,48,40,4,10,0,2.807354922,0,0
freshbooks.com,0,4,1,1016,1082,0.781288047,42,25,1,66,36,3.324862958,0,0
dongsport.com,0,0,0,838,1209,0.797133732,19,10,0,53,4,3.334679141,0,0
powerthesaurus.org,0,0,0,29,131,1.000319285,0,0,0,0,0,3.46132014,0,0
upenn.edu,0,0,0,656,7398,0.945871888,11,8,1,112,8,2.503258335,0,0
avon.ru,0,7,2,1865,10653,0.933526875,89,47,0,250,59,2.807354922,0,0
myfood.ltd,0,0,0,1,6868,1.003057659,1,1,0,1,0,2.921928095,0,0
dailysnark.com,0,3,0,7,41,0.997822275,56,35,0,68,13,3.664497779,0,0
kasvyksta.lt,0,0,0,139,124,0.979897034,5,3,0,4,8,2.918295834,0,0
venturebeat.com,0,3,0,1505,2761,0.956680923,41,24,1,122,53,3.456564762,0,0
pagalworld.mobi,0,0,0,1194,1070,0.708599529,11,6,0,10,5,3.506890596,0,0
pornhd.com,0,0,0,1,217,1.161290323,1,0,0,1,0,3.121928095,0,0
coinpayu.com,0,5,0,50,908,1.0215905,21,19,0,4,0,3.251629167,0,0
hinet.net,0,10,1,2738,1892,0.853171622,28,18,0,173,14,2.503258335,0,0
getemoji.com,0,2,0,2708,764,1.001135466,19,16,0,4,9,3.084962501,0,0
dicio.com.br,0,13,0,656,3313,0.734503361,15,8,1,60,18,2.918295834,0,0
banglanews24.com,0,0,0,3477,4712,0.998801228,48,10,1,47,20,3.75,0,0
pearsonmylabandmastering.com,0,1,1,264,519,0.76097756,18,13,0,11,16,3.896291529,0,0
tamu.edu,0,1,1,766,15150,0.924335578,14,12,0,5,8,2.75,0,0
planetminecraft.com,0,9,0,9,85,1.000039835,45,29,0,11,12,3.616348566,0,0
amctheatres.com,0,6,0,166,168365,0.998267592,37,22,4,377,17,3.240223929,0,0
onlineradiobox.com,0,4,0,321,2904,0.987290787,19,12,0,11,8,3.503258335,0,0
forms.gle,0,0,0,1,9254,1.001188675,0,0,0,0,0,3.169925001,0,0
tatar.ru,0,1,0,1094,247,0.901150222,25,11,4,66,9,2.25,0,0
inep.gov.br,0,0,0,3242,4210,0.669678454,44,38,0,87,4,3.277613437,0,0
tamodo.com,0,1,0,1,3353,1.006263048,6,2,1,14,3,2.646439345,0,0
nine.com.au,0,11,0,9722,383449,0.770077974,36,27,6,140,57,3.095795255,0,0
thenextweb.com,0,1,1,1500,2239,0.871603734,51,28,3,103,25,3.324862958,0,0
square-enix.com,0,0,0,180,93,0.857953538,0,0,0,4,0,3.773557262,0.066666667,0
gmx.at,0,3,0,5721,76149,0.753365228,59,7,0,8,0,2.584962501,0,0
crackstreams.ga,0,0,0,121,271,0.73227285,5,4,0,1,0,3.189898095,0,0
mercadolibre.cl,0,2,0,239,86961,0.999964763,28,14,6,617,42,3.373557262,0,0
animoto.com,0,3,1,181,210326,1.003692399,41,23,1,40,20,2.845350937,0,0
britishairways.com,0,5,0,70,830,0.981035366,20,16,2,10,0,3.572431251,0,0
hoodsite.com,0,3,0,1709,2942,1.000224465,66,42,0,81,14,3.188721876,0,0
ammonnews.net,0,10,1,2870,7024,0.955457378,68,37,5,110,37,3.026986833,0,0
my.gov.au,0,1,0,172,846,0.861630516,4,4,0,0,0,2.947702779,0,0
beermoneyforum.com,0,0,0,6488,14026,0.851714022,22,11,0,72,0,3.26633264,0,0
livecricket.is,0,2,0,260,44224,0.977469322,13,8,14,1883,4,3.182005815,0,0
freenet.de,0,20,1,1459,38997,0.991012961,114,52,5,505,88,2.521928095,0,0
typepad.com,0,2,1,455,329,0.921697817,13,10,0,4,4,3.277613437,0,0
zuipin.cn,0,3,0,2762,756,0.614515994,25,14,5,159,28,2.725480557,0,0
thumbtack.com,0,1,1,94,125564,0.99998804,25,13,0,49,16,3.238901257,0,0
transfermarkt.com,0,2,0,7,41,0.892951223,63,43,4,366,19,3.4548224,0,0
skycn.com,0,0,0,1438,453,0.929781095,16,11,0,15,9,2.947702779,0,0
akakce.com,0,1,1,29,114,0.963549241,24,0,0,0,0,2.721928095,0,0
filmshd.fun,0,1,0,731,1638,0.996326559,12,8,2,44,31,3.277613437,0,0
beyazperde.com,0,3,1,2349,97933,0.920062773,21,9,1,289,19,3.4677201,0,0
skyeng.ru,0,5,1,1196,6352,0.835105408,57,26,0,65,62,3.169925001,0,0
ooopic.com,0,0,0,10288,2315,0.348301557,6,3,0,5,2,2.321928095,0,0
paultan.org,0,4,0,2630,5449,0.953009931,51,29,0,55,30,3.277613437,0,0
kikinote.net,0,9,1,2154,452,0.586629452,53,35,2,116,31,2.751629167,0,0
viighj.com,0,0,0,35,96,1.00238379,2,1,2,10,2,3.121928095,0,0
antenna.gr,0,4,0,672,8046,0.914161979,55,47,1,43,16,2.646439345,0,0
btcclicks.com,0,3,0,12,22445,0.999864842,7,4,4,288,9,3.085055103,0,0
1password.com,0,0,0,13,12084,1.032000254,3,1,0,0,0,3.39274741,0,0
newpost.gr,0,0,0,51,1334203,1.000263178,26,20,0,28,9,3.321928095,0,0
hugedomains.com,0,0,0,32,18912,1.003870145,13,5,0,12,5,3.640223929,0,0
rlsnet.ru,0,2,0,453,17820,0.891110151,23,10,3,53,30,2.947702779,0,0
kickassanime.rs,0,1,0,85,26203,0.994845847,9,5,0,17,0,3.189898095,0,0
statcounter.com,0,0,0,428,3111,0.892996516,16,12,4,18,3,3.323231429,0,0
720vt.com,0,1,0,762,456,0.750062896,0,0,0,0,0,3.169925001,0,0
smi2.ru,0,4,0,1,33152,1.003029477,16,16,0,0,0,2.807354922,0,0
ntv.ru,0,5,1,2719,1261,0.906245369,70,41,7,211,55,2.584962501,0,0
esquire.com,0,0,0,3810,168973,0.93554761,45,9,1,410,19,3.277613437,0,0
getcourse.ru,0,0,0,2941,1992,0.918175321,38,10,0,42,18,3.084962501,0,0
angular.io,0,0,0,94,455,0.984987327,11,8,1,7,6,3.121928095,0,0
torrent.tel,0,0,0,1,218,1.160550459,1,0,0,1,0,2.663532755,0,0
dongphim.net,0,1,0,4312,1509,0.794280044,24,15,0,53,11,3.418295834,0,0
web.500px.com,0,2,0,1,22896,1.002183788,25,20,2,288,17,3.39274741,0,0
careers360.com,0,3,1,20405,1404,1.000260051,8,2,0,153,4,3.378783493,0,0
coinsbit.io,0,5,1,340,580568,0.598783957,22,16,1,22,9,2.845350937,0,0
streamp1ay.me,0,0,0,1,469,1.002673797,1,0,0,0,0,3.238901257,0,0
dramaqu.net,0,0,0,60,208,0.917317708,3,2,0,0,0,3.277613437,0,0
fakaza.com,0,3,0,762,2356,0.937902828,39,27,0,23,16,2.846439345,0,0
trueid.net,0,7,0,478,144686,0.999980328,21,19,1,13,2,2.921928095,0,0
jobinja.ir,0,0,0,93,767,0.986580427,1,0,8,15,8,2.921928095,0,0
xataka.com,0,12,0,2284,4111,0.940921449,44,19,0,60,19,2.846439345,0,0
gamestorrents.nu,0,0,0,117,920,0.958613728,7,3,0,5,2,3.375,0,0
valuecommerce.ne.jp,0,5,1,841,8405,0.845737483,29,19,0,34,8,3.511085408,0,0
nu.nl,0,1,0,3001,18381,0.938293741,59,52,6,128,4,1.921928095,0,0
dict.cc,0,2,0,1,213,0.990219706,27,15,0,38,6,2.128085279,0,0
pokemonshowdown.com,0,6,0,331,1051,0.966531198,12,8,0,10,13,3.321104331,0,0
studentaid.gov,0,1,0,2,3710,0.99956015,15,13,0,20,6,3.521640636,0,0
lohaco.jp,0,0,2,10,85,0.943359835,0,0,0,0,0,2.947702779,0,0
sbs.com.au,0,13,0,1444,130782,0.98011159,68,54,4,350,15,2.921928095,0,0
olx.uz,0,1,0,3162,3533,0.516846499,39,18,2,264,9,2.584962501,0,0
noon.com,0,3,1,21,392844,0.9991918,28,19,0,25,19,2.155639062,0,0
dns-shop.ru,0,2,0,7,41,0.965753425,78,76,0,75,35,3.277613437,0.090909091,0
tovima.gr,0,5,0,493,116280,0.998340846,40,20,0,127,32,3.169925001,0,0
criteo.com,0,5,1,1014,20492,0.779638349,28,15,7,366,44,2.921928095,0,0
blogsky.com,0,0,0,238,977,0.87156152,9,7,0,5,8,3.277613437,0,0
alphacoders.com,0,9,0,3414,304,0.633199959,14,10,1,28,0,3.506890596,0,0
airbnb.co.in,0,0,0,31,184330,1.000041804,96,88,2,57,5,2.918295834,0,0
society6.com,0,5,0,71,1451501,0.999872918,60,36,0,137,42,3.251629167,0,0
forever21.com,0,0,0,23,75,1,0,0,0,0,0,3.238901257,0,0
proiezionidiborsa.it,0,11,0,529,2978,0.995138808,47,23,0,77,25,3.403701696,0,0
videospornogratisx.net,0,0,0,1,229,1.152838428,1,0,0,1,0,3.697845823,0,0
galaphim.net,0,0,0,1463,354,0.761072668,29,14,3,95,32,3.418295834,0,0
texas.gov,0,3,1,2079,4684,0.96269448,36,25,0,74,27,3.169925001,0,0
stores.jp,0,0,0,184,113734,1.012694844,0,0,0,0,0,2.947702779,0,0
chinaipo.com,0,0,0,7,41,0.886857596,38,30,2,119,9,3.084962501,0,0
cps.com.cn,0,0,0,2722,888,0.938377811,27,20,4,39,7,2.646439345,0,0
tezhongzhuangbei.com,0,0,0,86,430,0.953715776,0,0,0,0,0,3.721928095,0,0
thepaper.cn,0,0,0,2658,1441,0.756725281,32,17,6,146,18,3.095795255,0,0
rome2rio.com,0,0,0,968,9405,0.830563722,18,10,0,5,0,2.855388542,0,0
zimbra.free.fr,0,4,0,322,1407,0.919466784,13,6,4,35,28,3.039148672,0,0
dawnnews.tv,0,1,0,2043,604,0.900268784,40,15,0,49,16,3.095795255,0,0
weforum.org,0,1,1,734,3748,0.947066077,9,6,0,43,4,3.095795255,0,0
karar.com,0,2,0,2225,1352,0.762048213,20,11,0,19,5,2.725480557,0,0
sinogoodies.hk,0,0,0,690,299,0.728002635,11,9,0,3,0,3.182005815,0,0
unrealengine.com,0,0,0,575,123284,0.999529377,11,4,0,13,7,3.405639062,0,0
pornpics.com,0,0,0,1,219,1.159817352,1,0,0,1,0,3.084962501,0,0
poloniex.com,0,1,1,836,56380,0.999518393,21,3,0,0,0,3.188721876,0,0
superkora.football,0,0,0,1185,566,0.668796088,19,12,0,15,12,3.572431251,0,0
farfeshplus.com,0,15,0,1882,5154,0.962210259,84,44,0,85,24,3.640223929,0,0
nimo.tv,0,0,0,569,5376,0.96599525,39,28,0,67,12,2.807354922,0,0
dribbble.com,0,0,0,4213,5201,0.93181164,106,20,2,40,8,3.188721876,0,0
bannedbook.org,0,17,0,60,208,1.000318604,50,34,0,14,12,3.182005815,0,0
dramacool.movie,0,4,0,1980,283,0.689598929,24,21,0,19,5,3.323231429,0,0
netshoes.com.br,0,2,2,5,41,0.999479821,75,49,10,943,62,3.373557262,0,0
shopee.vn,0,4,1,171,84819,0.997284162,25,12,7,110,15,2.947702779,0,0
oyunskor.com,0,4,0,5063,3073,0.611189794,45,27,1,103,23,3.188721876,0,0
youla.ru,0,2,1,132,278669,0.997953448,28,18,0,84,17,2.75,0,0
las2orillas.co,0,2,0,93,703,0.909721103,5,4,0,0,0,3.039148672,0,0
orf.at,0,1,0,2156,3181,0.931427327,12,8,0,15,0,2.584962501,0,0
mejortorrentt.org,0,0,0,120,6441,0.977760048,1,0,9,16,8,2.939829017,0,0
ctrip.com,0,3,0,6082,29550,0.91317119,42,25,0,59,18,2.947702779,0,0
masrawy.com,0,3,0,2777,1322,0.991934351,52,22,0,106,14,3.095795255,0,0
asu.edu,0,3,1,1209,18749,0.950215817,44,25,5,339,41,2.521640636,0,0
ntdtv.com,0,6,1,1510,1472,0.921173207,37,24,0,20,20,2.947702779,0,0
sensacine.com,0,3,1,2427,98643,0.923592614,35,18,0,344,29,3.085055103,0,0
hpjav.tv,0,0,0,1,215,1.162790698,1,0,0,1,0,2.75,0,0
fimela.com,0,5,1,781,263359,1.000676182,53,26,2,550,52,3.121928095,0,0
diandongwajueji.com,0,0,0,344,605,0.789094844,14,9,0,3,9,3.616348566,0,0
jidapharm.com,0,0,0,2409,879,0.557232745,15,13,0,6,9,3.39274741,0,0
kerala.gov.in,0,0,0,1,124802,0.998701663,29,14,0,128,22,3.39274741,0,0
pdfsimpli.com,0,3,1,836,1856,0.835494038,35,21,0,74,20,3.238901257,0,0
photo-ac.com,0,3,1,14,1090705,0.999551494,18,15,0,46,4,3.022055209,0.083333333,0
proxyrarbg.org,0,0,0,152,4280,0.990273302,13,3,1,53,8,2.950212065,0,0
gitee.com,0,0,0,1369,642,0.998787534,19,6,0,36,3,2.947702779,0,0
anime-planet.com,0,4,0,728,1558,1.049686992,26,18,0,10,12,3.5,0.0625,0
topuniversities.com,0,1,1,2625,12901,0.997650327,25,16,0,96,34,3.576617645,0,0
cdkeys.com,0,11,1,257,64015,0.99720584,122,71,4,358,40,3.121928095,0,0
liveleak.com,0,3,0,694,1107,0.973434286,44,37,0,46,11,3.251629167,0,0
gumtree.co.za,0,6,1,139,41026,1.000853647,46,20,8,704,56,3.39274741,0,0
symbaloo.com,0,0,0,1349,361,0.874796818,18,13,0,12,0,3.022055209,0,0
cityheaven.net,0,3,1,775,2638,0.972654373,29,19,3,57,12,3.182005815,0,0
porofessor.gg,0,6,0,353,327,0.61100245,42,22,0,28,19,2.87314068,0,0
dizipub.net,0,6,0,1845,236477,0.970440661,27,17,0,26,24,3.277613437,0,0
digg.com,0,1,0,4121,717,0.893852778,22,14,1,36,21,2.75,0,0
samatika.com,0,0,0,1,219,1.159817352,1,0,0,1,0,3.022055209,0,0
inflibnet.ac.in,0,2,0,1567,579,0.785852664,21,17,0,15,1,3.139572262,0,0
next.co.uk,0,2,0,1265,9953,0.873244759,111,52,1,107,37,3.121928095,0,0
inegi.org.mx,0,0,0,1146,2077,0.959551429,2,2,0,0,0,3.084962501,0,0
lanzous.com,0,0,0,11,4867,1.000551978,6,2,4,17,2,3.277613437,0,0
acesso.gov.br,0,0,0,43,130,0.990819209,9,9,0,4,6,3.238901257,0,0
storiespace.com,0,0,0,1175,1802,0.999726314,8,4,0,126,7,3.373557262,0,0
90tv.ir,0,0,0,2550,72592,0.897020965,17,7,2,17,13,2.807354922,0,0
biography.com,0,1,0,128,206342,0.99939075,99,64,3,404,47,3.546593564,0,0
harborfreight.com,0,3,0,651,315526,0.998921363,32,28,4,469,41,3.572469459,0,0
