URLs,Label,iframe_count,small_area,line_counts,max_length_line,space_%,js_count,ext_js_count,obfus_suspicious_func_count,var_function,dom_counts,Entropy,special char_ratio,suspicious_word
http://enigreen.net/ck/content/5900f7837cf824d2b44ce08b7c06e1c3,1,0,0,79,1140,0.9643960570000001,0,0,0,0,0,4.261902467700741,0.0,0
https://managementtool.000webhostapp.com/dropbox/main.html,1,0,0,599,1006,0.992849545,4,2,0,32,8,4.145979129983102,0.0,0
https://sitest1.000webhostapp.com/,1,0,0,599,1006,0.992849545,4,2,0,32,8,3.8441065448145375,0.0,0
https://storage.googleapis.com/adobe365/Index.html,1,0,0,17,88,0.966972477,4,1,0,6,2,4.3000721137090645,0.0,0
http://www.tractocerv.com/l/Linkedin/Linkedin/,1,0,0,1,226,1.071428571,4,1,0,6,2,3.829003731107054,0.0,0
https://bloody-minded-oaks.000webhostapp.com/Adobe/Adobe/index.php,1,0,0,599,1006,0.992849545,4,2,0,32,8,4.253919573754169,0.034482758620689655,0
http://www.skyline-china.com/wp-includes/css/xwells/https.wellsfargo.com.home/wells-fargo-security-update/login.php?cmd=login_submit&id=c91d4eb1c77462b674d1d3f54576d2dcc91d4eb1c77462b674d1d3f54576d2dc&session=c91d4eb1c77462b674d1d3f54576d2dcc91d4eb1c77462b674d1d3f54576d2dc,1,0,0,46,743,0.858120633,3,1,1,2,1,4.8373715174686,0.04580152671755725,1
http://l7n2.com/news/wp-includes/ID3/boa/ef52eb8368b6c0434f0a44527ffbd9e9/index.php?HmycXlRe3813115987=SMdbwh3TalN,1,0,0,1,246,1.004065041,0,0,0,0,0,5.131001799907671,0.028037383177570093,0
http://69.167.151.209/files/a7a47d30ef12ed7cdc9278d36ddd59ed/,1,0,0,445,5018,1.005444646,31,21,5,20,0,4.076569159884013,0.0,0
http://69.167.151.209/files/a7a47d30ef12ed7cdc9278d36ddd59ed/details.php,1,0,0,570,897,1.005338078,0,0,0,0,0,4.287473105789865,0.0,0
http://69.167.151.209/files/0d0338f00b8a36bcd6e2b94cdd9b50d7/,1,0,0,445,5018,1.005444646,30,21,5,20,0,4.1967585116557355,0.0,0
http://69.167.151.209/files/0d0338f00b8a36bcd6e2b94cdd9b50d7/details.php,1,0,0,570,897,1.005338078,0,0,0,0,0,4.4217662743006425,0.0,0
https://www.beatnyama.com/bec/BECU1/step2.php,1,0,0,9,85,1.0063492059999999,0,0,0,0,0,4.165013816065913,0.0,0
https://www.beatnyama.com/bec/BECU1/login.php?cmd=login_submit&id=4e4144c654d0d215038548b3f43262904e4144c654d0d215038548b3f4326290&session=4e4144c654d0d215038548b3f43262904e4144c654d0d215038548b3f4326290,1,0,0,9,85,1.0063492059999999,0,0,0,0,0,4.63888694239062,0.03664921465968586,1
https://www.beatnyama.com/bec/BECU1/login.php?cmd=login_submit&id=0074e813c248f2810fcb2753828d78910074e813c248f2810fcb2753828d7891&session=0074e813c248f2810fcb2753828d78910074e813c248f2810fcb2753828d7891,1,0,0,9,85,1.0063492059999999,0,0,0,0,0,4.651121440237213,0.03664921465968586,1
http://healthesouls.com/secure/Chase/d7feff20aab3c41df6c5a536fbeb7839/,1,0,0,205,4070,0.9527791440000001,0,0,0,0,0,4.467193766202023,0.0,1
http://healthesouls.com/secure/Chase/d7feff20aab3c41df6c5a536fbeb7839/verification-email.php?cmd=_account-details&session=a1f8bf5660fed542330e452dd942ef67&dispatch=5bc5330f447a8d64f4e6499dd6143ef8393691d7,1,0,0,205,4070,0.95406259,0,0,0,0,0,4.842880788888562,0.04568527918781726,1
http://healthesouls.com/secure/Chase/d7feff20aab3c41df6c5a536fbeb7839/verification-billing.php?cmd=_account-details&session=47af3231053782b7e9d9969329f2858b&dispatch=4445231be3a1c7f41a5b663f4184de1ceb971603,1,0,0,205,4070,0.954080168,0,0,0,0,0,4.906677503662522,0.04522613065326633,1
http://healthesouls.com/secure/Chase/d7feff20aab3c41df6c5a536fbeb7839/verification-card.php?cmd=_account-details&session=a21d21a6800c90f082747257ca2383dc&dispatch=332b0160e0df08a48a1a7ff2dccd35a073ed44e9,1,0,0,205,4070,0.954053795,0,0,0,0,0,4.815137625472525,0.04591836734693878,1
http://healthesouls.com/secure/Chase/5bfd37a75d87f2ef2966290e43b51825/verification-email.php,1,0,0,205,4070,0.952982662,0,0,0,0,0,4.772231930301566,0.011764705882352941,1
http://healthesouls.com/secure/Chase/5bfd37a75d87f2ef2966290e43b51825/verification-billing.php?cmd=_account-details&session=4fdc2aa201fa5d60ab1d1211993915b0&dispatch=8ae1d5963572ec852c1463170723d718daa7f471,1,0,0,205,4070,0.954080168,0,0,0,0,0,4.8967493721373385,0.04522613065326633,1
http://healthesouls.com/secure/Chase/5bfd37a75d87f2ef2966290e43b51825/verification-card.php?cmd=_account-details&session=a6b5d218a009f4d7442edd4cffd8c11a&dispatch=87b4c9466b735ce0e6eb710abba5d435bea6e297,1,0,0,205,4070,0.954053795,0,0,0,0,0,4.85623149894352,0.04591836734693878,1
http://healthesouls.com/secure/Chase/5bfd37a75d87f2ef2966290e43b51825/verification-billing.php,1,0,0,205,4070,0.953001077,0,0,0,0,0,4.826516019031594,0.011494252873563218,1
http://healthesouls.com/secure/Chase/5bfd37a75d87f2ef2966290e43b51825/verification-card.php?cmd=_account-details&session=f5d22c065a90d533d150b1b04c0d0d8a&dispatch=9915dac4f2fb5ed15fc169a32cf9987c7fa7f165,1,0,0,205,4070,0.954053795,0,0,0,0,0,4.8471825660980885,0.04591836734693878,1
http://apzi.icu-netq.net.ng/wetrs/lnfer,1,0,0,104,10750,0.995041574,5,4,0,2,0,4.015319531114783,0.03125,0
http://u6229136jx.ha004.t.justns.ru/amelipro/index.html,1,0,0,13,155,0.985855728,0,0,0,0,0,4.519974678246913,0.0,0
http://cvsd45asz.appspot.com/,1,0,0,0,0,0.0,12,11,3,4,1,3.663532754804254,0.0,0
http://art-sticker.fr/humby/librairies/manual/340f030cc7c53285313925efbb37da7b/,1,2,0,787,1536,0.9700784020000001,20,11,14,56,12,4.590442023485486,0.013888888888888888,0
http://art-sticker.fr/humby/librairies/manual/340f030cc7c53285313925efbb37da7b/way.php,1,0,0,366,212,0.95648709,0,0,0,0,0,4.713617343838096,0.012658227848101266,0
http://art-sticker.fr/humby/librairies/manual/340f030cc7c53285313925efbb37da7b,1,1,0,787,1536,0.9700784020000001,20,11,14,56,12,4.598857909103911,0.014084507042253521,0
https://loosecannon.000webhostapp.com/dropbox2/main.html,1,0,0,599,1006,0.992849545,4,2,0,32,8,4.180255793112395,0.0,0
http://gordonng.com/edits/next.php?l=_Uiftyw_BhjodHHDKtoGYDw1774256418,1,0,0,35,109,0.9061990209999999,0,0,0,0,0,5.07062253494811,0.06349206349206349,0
https://qrerloyiha.uz/192837560311ocKontaktiert3A2F2F2Fws2FISAPIdllFM2MContact26item3D14276952031426requested3Kundenservice-teufisch@kabelmail.de.html,1,2,1,18,30969,0.997017576,7,7,1,7,0,5.107488630858719,0.014084507042253521,0
https://tech9coatings.com/boa/emcom/,1,1,0,597,119666,0.9963007859999999,76,52,2,59,12,3.6820058147602137,0.0,0
https://tech9coatings.com/boa/emcom/step2.php,1,1,0,597,119666,0.9963007859999999,76,52,2,59,12,3.9182523518230763,0.0,0
https://gmznj.codesandbox.io/,1,0,0,1,1435,1.004878049,9,8,0,0,0,3.880179922675737,0.0,0
http://vouzonhaipoires.com/service/service/,1,0,0,205,4070,0.9524752479999999,0,0,0,0,0,3.7425895018519184,0.0,0
http://tyloumangonfairs.com/service/service/,1,0,0,205,4070,0.95248936,0,0,0,0,0,4.0059580950078475,0.0,0
http://tahyamadundaire.com/service/service/,1,0,0,205,4070,0.9524752479999999,0,0,0,0,0,3.8746697102453487,0.0,0
http://saoajboumather.com/service/service/,1,0,0,205,4070,0.9524611270000001,0,0,0,0,0,3.811026860161606,0.0,0
http://salanwompaoire.com/service/service/,1,0,0,205,4070,0.9524611270000001,0,0,0,0,0,3.732315788671221,0.0,0
http://k-idtech.com/info/1152/185943.htm,1,1,0,24,367,1.00165426,6,3,1,10,8,4.27137063437885,0.030303030303030304,0
http://phoenixdrillingllc.com/font/activation.securi-pass.agricole/077300674498b25342b081ce87dc129a,1,0,0,118,4070,0.971060247,0,0,0,0,0,4.804312060954571,0.010869565217391304,0
http://facebook.marketplace.inversionesgdp.com/,1,0,0,13,200,0.96196868,0,0,0,0,0,4.125070520364181,0.0,0
https://lyontex.com.br/new%20box/afzz/index.php,1,0,0,1,113,1.0088495579999999,0,0,0,0,0,4.4000349108371,0.02564102564102564,0
https://igforyoupage.000webhostapp.com/,1,0,0,594,1005,0.969864218,4,2,0,32,8,4.1313003425053605,0.0,0
https://instaofficialgame.000webhostapp.com/,1,0,0,599,1006,0.992849545,4,2,0,32,8,4.107017709595357,0.0,0
https://freegiveaway00.000webhostapp.com/,1,0,0,599,1006,0.992849545,4,2,0,32,8,4.063650847340264,0.0,0
https://managementstudio.000webhostapp.com/,1,0,0,599,1006,0.992849545,4,2,0,32,8,4.085588016574086,0.0,0
http://internetmillionaires.com/modules/default/b73fb17933f934f6e589cb1f459b412f/Snd/default/20ecfbc2e117585c68533956026e4017/load.php?cmd=Complete&Dispatch=848cdd7e94f206f9de2a,1,0,0,9,85,1.0063492059999999,0,0,0,0,0,4.883792632669795,0.023529411764705882,0
http://internetmillionaires.com/modules/default/b73fb17933f934f6e589cb1f459b412f/Snd/default/20ecfbc2e117585c68533956026e4017/sms1.html,1,0,0,9,85,1.0063492059999999,0,0,0,0,0,4.711920197237014,0.0,0
http://internetmillionaires.com/modules/default/b73fb17933f934f6e589cb1f459b412f/Snd/default/20ecfbc2e117585c68533956026e4017/sms2.html,1,0,0,9,85,1.0063492059999999,0,0,0,0,0,4.716076986109198,0.0,0
http://imageediting24.com/zzz/hanmail/login.php?cmd=login_submit&amp;id=9d21f5a37793f12e0c4a36acf6f5a3bb9d21f5a37793f12e0c4a36acf6f5a3bb&amp;session=9d21f5a37793f12e0c4a36acf6f5a3bb9d21f5a37793f12e0c4a36acf6f5a3bb,1,0,0,54,64,0.998230088,0,0,0,0,0,4.7241742835574545,0.043689320388349516,1
http://awaytoholiday.com.ru/email/english/,1,0,0,82,-1,0.847562321,2,1,0,4,4,4.071581588126283,0.0,0
http://a0422729.xsph.ru/_MASCOX/inyoni/ingulube/,1,0,0,7,43,0.9675324679999999,0,0,0,0,0,4.649758101967988,0.024390243902439025,0
https://www.cakeinvestmentgroup.com/wp-admin/includes/setup/index.php,1,0,0,118,4070,1.00536193,0,0,0,0,0,4.26695350598612,0.017543859649122806,0
https://www.cakeinvestmentgroup.com/wp-admin/includes/setup/login.php?cmd=login_submit&id=e14d6a19b54058f0d14db7aaed29a2a1e14d6a19b54058f0d14db7aaed29a2a1&session=e14d6a19b54058f0d14db7aaed29a2a1e14d6a19b54058f0d14db7aaed29a2a1,1,0,0,118,4070,1.00536193,0,0,0,0,0,4.725893062255431,0.037209302325581395,1
http://procomputers.co.in/Q1/af/ds/,1,0,0,175,198,0.983313289,1,0,0,1,0,3.994680368408909,0.0,0
http://chaknaa.com/Outdoorsy/,1,0,0,96,195,1.00311042,0,0,0,0,0,3.845350936622435,0.0,0
http://highbrowclothing.com/Errorcode.html,1,0,0,232,826,0.923376092,12,8,1,7,8,3.861725074756386,0.0,0
http://highbrowclothing.com/Lastcode.html,1,0,0,231,826,0.9230927409999999,12,8,1,7,8,4.043057694064253,0.0,0
http://highbrowclothing.com/need.html,1,0,0,238,826,0.931582674,12,8,1,7,8,3.881727678869736,0.0,0
http://fushet.com/Errorcode.html,1,0,0,829,37197,0.971328112,50,27,1,70,9,3.7834651896016465,0.0,0
http://fushet.com/Raiffeisen.html,1,0,0,829,37197,0.971329288,50,27,1,70,9,3.8731406795131322,0.0,0
http://fushet.com/need.html,1,0,0,829,37197,0.971322233,50,27,1,70,9,3.6841837197791887,0.0,0
http://fushet.com/Lastcode.html,1,0,0,829,37197,0.971326936,50,27,1,70,9,3.8035088547976783,0.0,0
http://fushet.com/loading.html,1,0,0,829,37197,0.9713257609999999,50,27,1,70,9,4.001822825622231,0.0,0
https://siddhesh123e.000webhostapp.com/,1,0,0,599,1006,0.992849545,4,2,0,32,8,4.082597923010943,0.0,0
https://gabung-grup-bokep-mantap-2020.000webhostapp.com/,1,0,0,599,1006,0.992849545,4,2,0,32,8,4.179047012067739,0.08333333333333333,0
https://commemorative-march.000webhostapp.com/,1,0,0,599,1006,0.992849545,4,2,0,32,8,3.9682119744148823,0.02631578947368421,0
https://grupjamin-crot.000webhostapp.com/,1,0,0,599,1006,0.992849545,4,2,0,32,8,4.248495255525412,0.030303030303030304,0
https://joingrupbokepviral62.000webhostapp.com/,1,0,0,599,1006,0.992849545,4,2,0,32,8,4.445533308550364,0.0,0
https://cibconlinesupport.000webhostapp.com/,1,0,0,599,1006,0.992849545,4,2,0,32,8,4.072431251322119,0.0,0
https://chatsangebasah.000webhostapp.com/,1,0,0,594,1005,0.969864218,4,2,0,32,8,3.836081907815205,0.0,0
https://grup-bokep-terbaru69.000webhostapp.com/,1,0,0,599,1006,0.992849545,4,2,0,32,8,4.214262795507958,0.05128205128205128,0
https://bung-alkaf.id/wp-admin/user/mtbonline/,1,0,0,118,4070,0.970991561,0,0,0,0,0,4.208196592277087,0.05263157894736842,0
https://instaquake.000webhostapp.com/,1,0,0,594,1005,0.969864218,4,2,0,32,8,4.1162646156680225,0.0,0
https://nueddivinelea.000webhostapp.com/,1,0,0,594,1005,0.969864218,4,2,0,32,8,4.163909765557392,0.0,0
https://snowlike-analyst.000webhostapp.com/,1,0,0,599,1006,0.992849545,4,2,0,32,8,4.185867302411998,0.02857142857142857,0
https://fbgroupscuba.000webhostapp.com/,1,0,0,599,1006,0.992849545,4,2,0,32,8,4.018081793978685,0.0,0
https://konfirmasi-akun100.000webhostapp.com/,1,0,0,594,1005,0.969864218,4,2,0,32,8,4.260279974311012,0.02702702702702703,0
https://api.gustofis.com/wp-includes/css/xlsss/index_1.php,1,0,0,96,434,0.8730025229999999,0,0,0,0,0,4.213660689688185,0.04,0
http://erasmus-besancon.com/modules/blog/OneDrive/Share-point/login.php,1,0,0,52,335,0.7991917940000001,1,0,0,2,0,4.362997562960809,0.03125,1
http://smk-trans.ru/templates/theme3289/html/mod_custom/cv.php,1,0,0,1,84,1.0119047620000001,10,9,0,2,0,4.287923977389792,0.03636363636363636,0
http://cobrodesa.com/wp-clu/DHLAUTO,1,0,0,66,788,0.9337175790000001,1,0,0,2,0,4.396291529045929,0.03571428571428571,0
http://zohard.com/.well-known/pki-validation/mod/unblockverification/customer_center/customer-IDPP00C963/signin/signin.php?account_update=c40edecbd85da4b71b749387d511b50e&cmd=_update-information&lim_session=39a540f6c5932b942f52b82d8ee21d5e3220845c,1,0,0,156,182,0.721055718,5,3,0,6,0,5.082300280568203,0.058333333333333334,1
https://groupsexecutive.com/docs/invoice.html,1,0,0,2610,100041,0.99931624,4,0,76,322,12,4.053915865570478,0.0,0
http://www.greethailand.com/off/,1,0,0,9,66,1.0036363640000001,0,0,0,0,0,3.916126946588284,0.0,0
http://accountchckecker-update-now.drpiza.com/accountasecurre/update-information--safety-and-securit/,1,0,0,7,6899,1.0001399579999999,5,3,1,7,0,4.157191645353605,0.07446808510638298,0
http://healthesouls.com/secure/Chase/9000185315e8f34d5a0b97ac4f37a946/,1,0,0,205,4070,0.9527791440000001,0,0,0,0,0,4.49079197918651,0.0,1
http://healthesouls.com/secure/Chase/9000185315e8f34d5a0b97ac4f37a946/verification-email.php?cmd=_account-details&session=a6a85dafec408a86d48a1e6581324210&dispatch=2505dc2a7b283b7027bcb07787a78c560b8702a7,1,0,0,205,4070,0.95406259,0,0,0,0,0,4.840582328579491,0.04568527918781726,1
http://healthesouls.com/secure/Chase/9000185315e8f34d5a0b97ac4f37a946/verification-billing.php?cmd=_account-details&session=49621efd40e69675f026a41eb09fb0f3&dispatch=f2ef835fbaaabb2263d236e7d2cd1c0632c47506,1,0,0,205,4070,0.954080168,0,0,0,0,0,4.903159511266791,0.04522613065326633,1
http://healthesouls.com/secure/Chase/9000185315e8f34d5a0b97ac4f37a946/verification-card.php?cmd=_account-details&session=328cc26f5b87109206804b36ed299412&dispatch=ec4cc786d7b5e45406ae5d4f334a77c99f8105bd,1,0,0,205,4070,0.954053795,0,0,0,0,0,4.878960724205902,0.04591836734693878,1
http://enquiry-id-918412.net/www.dropbox.co.uk-online-facture/,1,0,0,175,198,1.011295064,1,0,0,1,0,4.526458804276405,0.07272727272727272,0
http://enquiry-id-918412.net/www.gumtree.com-see/,1,15,2,2024,77213,1.000089948,87,59,256,1776,83,4.302449862997395,0.07142857142857142,0
http://a0422729.xsph.ru/_MASCOX/,1,0,0,7,43,0.9675324679999999,0,0,0,0,0,4.293660689688184,0.04,0
https://yummymet.000webhostapp.com/dropbox2/main.html,1,0,0,599,1006,0.992849545,4,2,0,32,8,4.280090318263435,0.0,0
http://internetmillionaires.com/modules/default/b73fb17933f934f6e589cb1f459b412f/Snd/default/20ecfbc2e117585c68533956026e4017,1,0,0,9,85,1.0063492059999999,0,0,0,0,0,4.6603865419304045,0.0,0
http://internetmillionaires.com/modules/default/8a99e002ed5b866ee7dcc58c524da47d/,1,0,0,9,85,1.0063492059999999,0,0,0,0,0,4.4450151895439705,0.0,0
http://internetmillionaires.com/modules/default/8a99e002ed5b866ee7dcc58c524da47d/sms.html,1,0,0,9,85,1.0063492059999999,0,0,0,0,0,4.50050406590058,0.0,0
http://internetmillionaires.com/modules/default/8a99e002ed5b866ee7dcc58c524da47d/sms1.html,1,0,0,9,85,1.0063492059999999,0,0,0,0,0,4.540365564180235,0.0,0
http://internetmillionaires.com/modules/default/8a99e002ed5b866ee7dcc58c524da47d/sms2.html,1,0,0,9,85,1.0063492059999999,0,0,0,0,0,4.507174148491519,0.0,0
https://www.bridgeportwvhomeinspection.com/secure/7c0c20a09f45aacc524ffddba7392401ZGY2ZDJlZjg0MWFlMDVjMDQ4MTU5NTM1NjhiNDcxZmY=/resolution/websc_login/?country.x=US&amp;locale.x=en_US,1,0,0,0,0,0.973451327,0,0,0,0,0,5.412899187466217,0.047058823529411764,1
http://timothydidymus.com/images/match,1,0,0,79,1871,0.9854239659999999,2,1,0,13,4,3.756795811071915,0.0,0
http://eaglewebster.net/personalmatch_profile/,1,6,2,974,81605,0.907794632,36,27,265,911,82,4.037426976219758,0.02564102564102564,0
http://chaseonline.com.before4.co.uk/chseaonline/chase2019/login.html,1,0,0,77,219,0.9908558890000001,4,1,2,3,2,4.228232908924062,0.0,1
http://m.facebook.com-check-9216800536.kranti-india.org/,1,0,0,1,226,0.973451327,0,0,0,0,0,4.491861884754925,0.061224489795918366,0
http://153284594738391.statictab.com/2506080?,1,0,0,183,7080,0.935478224,26,14,13,31,19,4.253863368422077,0.02631578947368421,0
http://78.143.96.35/wordpress/gam/,1,5,0,450,18836,0.9993632659999999,18,3,264,923,237,4.1804513908921015,0.0,0
http://chaseonline.com.before4.co.uk/chseaonline/chase2019/login.php,1,0,0,77,219,0.9908558890000001,4,1,2,3,2,4.229678019647183,0.0,1
http://mail.locksmithnearmeinc.com/track/u.php,1,0,0,204,611,0.979183837,8,5,9,6,5,3.9965647186958284,0.0,0
http://bamnola.com/Miles/ourtime.html,1,0,0,322,520,1.00536193,14,8,7,17,1,3.9232314287976204,0.0,0
http://attepmtlink.ddns.net/,1,0,-1,-1,-1,-1.0,14,8,7,17,1,3.499227541723357,0.0,0
https://enligneohpaypl.000webhostapp.com/myaccount/signin/,1,0,0,599,1006,0.992849545,4,2,0,32,8,4.201076880026371,0.0,1
https://gmc.accunity.com/.rop/Exitkorea/upload,1,0,-1,-1,-1,-1.0,4,2,0,32,8,4.135699552746469,0.0,0
http://69.167.151.209/files/4b31087ce9f03f4f5e749d8c435b5ff2/,1,0,0,445,5018,1.005444646,30,21,13,20,0,4.161570835176288,0.0,0
http://69.167.151.209/files/4b31087ce9f03f4f5e749d8c435b5ff2/details.php,1,0,0,570,897,1.005338078,0,0,0,0,0,4.444993582059519,0.0,0
http://desbloqueobancolomia.zz.com.ve/USERscisZ8OLN8rVqL3RzEJvF2FESVfkp2BAo9GTiucOA75iVMS3s3Dno-back-button.html,1,0,0,43,254,0.868764045,0,0,0,0,0,5.317404655757562,0.01904761904761905,0
http://desbloqueobancolomia.zz.com.ve/VALIDATEPASSWORDscisCjbTnfpNmVKQgeSUxnzRLmBdbq2BSLvH8jz8T1eNjJrxD2uact4fC1fGWN1VgTRClno-back-button.html,1,0,0,43,254,0.870509978,0,0,0,0,0,5.4719380312549895,0.014814814814814815,0
https://achatventeonline.000webhostapp.com/,1,0,0,599,1006,0.992849545,4,2,0,32,8,3.9928705166358984,0.0,0
http://help-safety-home.000webhostapp.com/m.help.htm,1,0,0,599,1006,0.992849545,4,2,0,32,8,3.9477654639882522,0.044444444444444446,0
https://asamtruckandtrailerrepair.com/chase/ch/home/verification-email.php,1,0,0,685,5557,0.932238331,13,6,3,19,0,4.098884604299241,0.015151515151515152,0
https://asamtruckandtrailerrepair.com/chase/ch/home/verification-billing.php?cmd=_account-details&session=8755b360f8c3c0a77f55341344bc7b41&dispatch=fd5414abb6a8193fce76a19bb5d77f7e3762103f,1,0,0,685,5557,0.932668163,13,6,3,19,0,4.898556965560517,0.05,0
https://asamtruckandtrailerrepair.com/chase/ch/home/verification-card.php?cmd=_account-details&session=75b3f5813c383f2c1457ef4c2cc44a88&dispatch=4860c5109a3947c1ed6cade89ac03794ddbeaf53,1,0,0,685,5557,0.932650203,13,6,3,19,0,4.796037638773615,0.05084745762711865,0
http://et.interac.ca-dnb.club/sh/W5f3o50/UNI/desj2,1,0,0,118,4070,0.9711966479999999,0,0,0,0,0,4.5829005103651115,0.023255813953488372,0
http://et.interac.ca-dnb.club/sh/W5f3o50/bdesj/lastlast.html,1,0,0,118,4070,0.9711966479999999,0,0,0,0,0,4.334065681338156,0.018867924528301886,0
http://et.interac.ca-dnb.club/sh/W5f3o50/bdesj/action00.php,1,0,0,118,4070,0.9711966479999999,0,0,0,0,0,4.421029621737614,0.019230769230769232,0
http://et.interac.ca-dnb.club/sh/W5f3o50/bdesj/desj2.php,1,0,0,118,4070,0.9711966479999999,0,0,0,0,0,4.451045558224314,0.02040816326530612,0
https://vrovafacets.com/wp-includes/SimplePie/Decode/HTML/access/wells,1,0,0,1306,141921,0.957157795,13,7,9,741,4,4.359134165393631,0.016129032258064516,0
http://viro3030.000webhostapp.com/,1,0,0,599,1006,0.992849545,4,2,0,32,8,3.926571651178275,0.0,0
http://cccvbtedfhjloighjghhbvn.000webhostapp.com/,1,0,0,599,1006,0.992849545,4,2,0,32,8,4.252453066090017,0.0,0
http://dungy-restraint.000webhostapp.com/,1,0,0,594,1005,0.969864218,4,2,0,32,8,4.337175341123077,0.029411764705882353,0
http://orgogenlabs.com/wp-includes/fonts/SG/societe/Identif/5a9018266c4039cca68c6c2ef31e7677d7f6704cfe8d2fd99f135bb6909e07cba081eb7494a1acac938e038de0ee8fa5,1,1,0,17,180,0.9803370790000001,0,0,0,0,0,4.697325337940517,0.006711409395973154,0
http://quintascastaldi.com.br/name/assume,1,0,0,1,226,0.973451327,4,3,0,1,0,3.9002708419385663,0.0,0
https://webspined.top/citi/authsys/,1,0,0,1,15,1.0625,0,0,0,0,0,3.9023115759170297,0.0,0
https://www.locksmithnearmeinc.com/track/u.php,1,0,0,204,611,0.979199548,8,5,9,6,5,4.006436738245532,0.0,0
https://padding.co.th/Lori/Breeden/office.php,1,0,0,9,85,1.0063492059999999,0,0,0,0,0,3.9519040409537936,0.0,0
https://freelancermunna.info/ACH/NOTEPURE/uh/No_cap/FBG,1,0,0,13,155,0.985855728,0,0,0,0,0,4.637154479789048,0.02127659574468085,0
https://nevsunca.com/wp-json/oembed/1.0/auth/ContactEmail_Notification.html,1,0,0,7,110,1.007936508,0,0,0,0,0,4.463727303348946,0.029850746268656716,0
https://nevsunca.com/wp-json/oembed/1.0/auth/,1,0,0,68,208,0.9153581940000001,3,2,0,0,0,4.185823555333621,0.02702702702702703,0
https://nevsunca.com/wp-json/oembed/1.0/auth/SignIn_Passcode.html,1,0,0,7,100,1.008264463,0,0,0,0,0,4.530454383330924,0.03508771929824561,0
http://seguridadbancariabancolombiasa.zz.com.ve/USERscisZ8OLN8rVqL3RzEJvF2FESVfkp2BAo9GTiucOA75iVMS3s3Dno-back-button.html,1,0,0,43,254,0.868764045,0,0,0,0,0,5.292945759802417,0.017391304347826087,0
http://seguridadbancariabancolombiasa.zz.com.ve/VALIDATEPASSWORDscisCjbTnfpNmVKQgeSUxnzRLmBdbq2BSLvH8jz8T1eNjJrxD2uact4fC1fGWN1VgTRClno-back-button.html,1,0,0,43,254,0.870509978,0,0,0,0,0,5.443750793757256,0.013793103448275862,0
https://trananhvu.com/wp-content/upgrade/mtb2020/onlinebankingmtb/secq.html,1,1,0,255,2297,0.9265673870000001,11,8,1,4,0,4.433491011573381,0.014925373134328358,0
https://arecaproperties.com.my/gdfsrtzip/Chase/login.php?cmd=login_submit&id=dac02836da720b06744eecfe7eb73316dac02836da720b06744eecfe7eb73316&session=dac02836da720b06744eecfe7eb73316dac02836da720b06744eecfe7eb73316,1,0,0,9,85,0.9552297940000001,16,13,1,22,8,4.693058295739409,0.03398058252427184,1
https://trananhvu.com/wp-content/upgrade/mtb2020/onlinebankingmtb/securityauthentication.html,1,0,0,255,2297,0.926629041,11,8,1,4,0,4.350074220468583,0.011764705882352941,0
http://www.alfatoscana.it/fixed_new/customer_center/customer-IDPP00C583/login.php,1,0,0,7,54,1.010204082,0,0,0,0,0,4.709510474298479,0.04285714285714286,1
https://gh9wepszo.appspot.com/,1,0,0,0,0,0.0,12,11,5,4,1,3.6978458230844113,0.0,0
http://parvpwodk.dermals.org/,1,1,0,1349,14436,0.9748050779999999,20,12,288,56,10,3.788754913993502,0.0,0
https://tv4kmagazineluiza.ddnslive.com/tv-4k-uhdlg/60/smarttv4k60-lg-60um7270psa-wi-fihdrinteligenciaartificialcontrole-smart-magic.php?ass=YftZNrWKpsP7iO@CV#$egG-42kNWYobq3%I%4_Df4aZ9PGyr8kFzCP#rtSgB_SZ!ZzO,1,0,0,9,91,1.010238908,0,0,0,0,0,5.443304094810046,0.10050251256281408,0
https://tor-capital.com/as/waiting.php,1,0,0,1,226,0.973451327,0,0,0,28,0,3.8980685120588383,0.03333333333333333,0
http://www.saganagetaway.com/.well-known/pki-validation/default/d3033f34625af52a7159683408ca757a/,1,0,0,9,85,1.0063492059999999,0,0,0,0,0,4.702102766622619,0.023255813953488372,0
http://www.saganagetaway.com/.well-known/pki-validation/default/d3033f34625af52a7159683408ca757a/sms.html,1,0,0,9,85,1.0063492059999999,0,0,0,0,0,4.773766017064881,0.02127659574468085,0
http://www.saganagetaway.com/.well-known/pki-validation/default/d3033f34625af52a7159683408ca757a/sms1.html,1,0,0,9,85,1.0063492059999999,0,0,0,0,0,4.786725645661483,0.021052631578947368,0
http://www.saganagetaway.com/.well-known/pki-validation/default/d3033f34625af52a7159683408ca757a/sms2.html,1,0,0,9,85,1.0063492059999999,0,0,0,0,0,4.778779461428183,0.021052631578947368,0
http://kellaroot.com/wp-includes/pomo/WellsFargoFinal,1,3,0,303,8297,0.950477951,1,0,0,2,0,4.191296466597354,0.021739130434782608,0
http://vim.xwa.mybluehost.me/mauzoappco/blook.html,1,0,0,533,1512,0.973451327,2,0,0,2,0,4.15349601160441,0.0,0
http://www.ledasystem.com.sg/ftt/mfile/,1,0,0,9,85,1.0063492059999999,0,0,0,0,0,3.743982153814127,0.0,0
https://losdsk.com/mazon/amazon/,1,0,0,115,4070,0.973451327,0,0,0,0,0,3.4072682296173893,0.0,0
http://betaresourcesltd.com/wp-content/plugins/freedom/,1,1,0,5,195445,1.0,4,1,16,35,0,4.15726822961739,0.020833333333333332,0
https://tor-capital.com/as/info.php,1,0,0,1,226,0.973451327,3,2,0,32,0,3.8561962982193805,0.037037037037037035,0
https://tor-capital.com/as/sms.php,1,0,0,1,226,0.973451327,1,0,2,33,0,3.690260390968384,0.038461538461538464,0
https://tor-capital.com/as/login.php,1,0,0,1,226,0.973451327,0,0,0,28,0,3.869331261111518,0.03571428571428571,1
http://69.167.151.209/files/85b302c53870150a374991dc94eb2d17/details.php,1,0,0,570,897,1.005338078,0,0,0,0,0,4.439385459342591,0.0,0
http://69.167.151.209/files/2a89c9a52cda4eaff7c0823501ac1e2f/details.php,1,0,0,570,897,1.005338078,0,0,0,0,0,4.345541375187055,0.0,0
http://69.167.151.209/files/2a89c9a52cda4eaff7c0823501ac1e2f,1,0,0,445,5018,1.005454545,30,21,13,20,0,4.108137974714816,0.0,0
http://69.167.151.209/files/85b302c53870150a374991dc94eb2d17,1,0,0,445,5018,1.005454545,30,21,13,20,0,4.192371813331989,0.0,0
https://emagcreator.com/johnmills/Documents_File_Recieved_0198522/,1,1,1,222,249,0.95205621,15,6,17,22,2,4.570549366454174,0.05172413793103448,0
http://liceoloscondores.cl/logs/adobee/adobe.php,1,0,0,63,88662,0.999483515,8,1,345,1408,174,3.74095017687433,0.0,0
http://optimaiot.com/wp-content/cx/,1,0,0,282,1911,0.968579235,0,0,0,0,0,3.610577243331642,0.03571428571428571,0
http://optimaiot.com/wp-content/cx/surf2.php,1,0,0,446,1911,0.968579235,0,0,0,0,0,4.087567554701195,0.02702702702702703,0
http://optimaiot.com/wp-content/cx/surf3.php,1,0,0,446,1911,0.968579235,0,0,0,0,0,4.087567554701195,0.02702702702702703,0
http://vacationgiveawaysclub.com/summary/,1,0,0,1,447,0.993318486,3,2,0,2,1,4.054538856580818,0.0,0
http://provenancegifts.com/wp-admin/includes/ourtimesort/tjjunior,1,0,0,189,191,0.895967827,3,2,0,2,1,4.239903901473015,0.017241379310344827,0
http://alminarensemble.cl/dh2/dhl,1,0,0,148,128,0.7948917409999999,3,2,0,2,1,3.7483286603655737,0.0,0
http://villa-azzurro.com/tune/payment,1,0,0,12,286,0.992160279,3,2,0,2,1,4.081727678869735,0.03333333333333333,0
http://jayalbertandassociates.com/cgi-bn/wp-admin/365/o/login.php,1,0,0,-1,-1,1.0063492059999999,3,2,0,2,1,4.42032447814043,0.034482758620689655,1
http://solutionsksa.com/wp-content/uploads/2020,1,0,0,239,607,0.9670224409999999,3,2,0,2,1,4.125070520364181,0.025,0
http://jh89jdfhx.appspot.com/,1,0,0,0,0,0.0,3,2,0,2,1,3.8796640049025934,0.0,0
http://covid19-vat.rf.gd/,1,0,0,42,785,1.000993049,3,2,0,2,1,3.8365916681089787,0.05555555555555555,0
http://www.saganagetaway.com/.well-known/pki-validation/default/1e465e42a1d40349a83c929c640a28a3,1,0,0,9,85,1.0063492059999999,3,2,0,2,1,4.6560636599377165,0.023529411764705882,0
http://www.saganagetaway.com/.well-known/pki-validation/default/,1,0,0,9,85,1.0063492059999999,3,2,0,2,1,4.185006539264758,0.03773584905660377,0
http://www.saganagetaway.com/.well-known/pki-validation/default/8c9a769f3e45806d31634a4caf5a13dc,1,0,0,9,85,1.0063492059999999,3,2,0,2,1,4.664640788798899,0.023529411764705882,0
http://www.saganagetaway.com/.well-known/pki-validation/default,1,0,0,9,85,1.0063492059999999,3,2,0,2,1,4.190260390968384,0.038461538461538464,0
https://sathemeworks.com/new/online.tsb.co.uk/,1,0,0,174,18268,0.997202145,3,2,0,2,1,3.977804815904364,0.0,0
https://zzxve.000webhostapp.com/ATT/AT&T/login.php,1,0,0,594,1005,0.969864218,3,2,0,2,1,4.368042422572716,0.023809523809523808,1
https://zzxcv.000webhostapp.com/ATT/AT&T/login.php,1,0,0,599,1006,0.992849545,3,2,0,2,1,4.368042422572716,0.023809523809523808,1
https://zzxev.000webhostapp.com/ATT/AT&T/login.php,1,0,0,599,1006,0.992849545,3,2,0,2,1,4.368042422572716,0.023809523809523808,1
https://adminserviceinternet.weebly.com/,1,0,0,111,368,0.9918158570000001,3,2,0,2,1,3.9056390622295662,0.0,0
http://br54aces.000webhostapp.com/phy/ys/desktop/,1,0,0,594,1005,0.969864218,3,2,0,2,1,4.147920696433751,0.0,0
http://br54aces.000webhostapp.com/phy/ys/desktop/home.php,1,0,0,594,1005,0.969864218,3,2,0,2,1,4.103465189601646,0.0,0
http://optimaiot.com/wp-content/cx/ccinfo.php,1,0,0,446,1911,0.968579235,3,2,0,2,1,3.7351921593550585,0.02631578947368421,0
http://www.alfatoscana.it/fixed_new/customer_center/customer-IDPP00C593/login.php,1,0,0,7,54,1.010204082,3,2,0,2,1,4.709510474298479,0.04285714285714286,1
https://bofauserverification.com/TScreenV1/veritdc.php?version=1&pm_fpua=browser/5_0_(system_nt_10_0;_win64;_x64;_rv:63_0)_gecko/20100101_firefox/63_0%7C5_0_(Windows)%7CWin32&pm_fpsc=24%7C1920%7C1080%7C1040&pm_fpsw=&pm_fptz=-4&pm_fpln=lang=es-ES%7Csyslang=%7Cuserlang=&pm_fpjv=0&pm_fpco=1=,1,0,0,9,85,1.0063492059999999,0,0,0,0,0,5.2379787396814015,0.18861209964412812,0
https://npztech.com/eBay-signineBay,1,0,0,9,85,1.00536193,0,0,0,0,0,4.032303242743954,0.037037037037037035,0
http://www.anandcnc.com/quality-policy/index.html,1,0,0,9,85,1.0063492059999999,0,0,0,0,0,4.083067973799101,0.02631578947368421,0
http://adam57-stewart-gywghs.admear.com,1,2,0,1,488,0.986471978,15,2,4,31,2,3.9261085007312415,0.0625,0
https://www.rowzatul.com/sendowa/sendowa/files/3b84115839411ef7a979334c29442a64.php?e=courtney.lay@cibc.co.uk,1,2,0,64,1757,0.892130676,5,3,0,3,1,4.8789545637655936,0.030927835051546393,0
http://www.roithai.com/picture/image/session/PPL8327489723483329/Update/4ccc0936ea441e96aaa0c3a0082e9fdf/,1,0,0,1,447,0.993318486,3,2,0,2,1,4.603353715004647,0.0,0
http://www.roithai.com/picture/image/session/PPL8327489723483329/Update/4ccc0936ea441e96aaa0c3a0082e9fdf,1,0,0,1,447,0.993318486,3,2,0,2,1,4.611477161675935,0.0,0
https://itau-internetbkn.wpdevcloud.com/wp-includes/ID3/1A/desktop/index.php?app=https://www.itau.com.br/acesso/seguranca/sincronismo,1,0,0,23,23431,0.998655858,3,2,0,2,1,4.594355663057173,0.032,0
http://www.roithai.com/picture/image/session/PPL8327489723483329/Update/4ccc0936ea441e96aaa0c3a0082e9fdf/Up-dating.php?country.x=-&ACCT.x=ID-PPL=PA32438.135.95.34=ScrPg=a68a5ba353c9d8835c47d64d74b15c725ca7c76cc9bcdae0357a5bc8b146c898S=$1$9Yf.N5y6$RMfA3i5taXxSIV3npWq/W0vrzhFAPfjoGRLDUSNlsb8OYeKB165xmHtug0kW43Ew79VXnadMCqiTcIJyp2ZQuzlxod8VTCBnR3qiwEDNFXc0f1sYAvtgM9QJharePjSZI62Hpm7WybkOG5K4LU65728352284,1,0,0,70,1592,0.9923220970000001,3,2,0,2,1,5.741679171915088,0.035623409669211195,0
http://www.roithai.com/picture/image/session/PPL8327489723483329/Update/47b2574527a8cb4d4665644d5ecafdad/Up-dating.php?country.x=-&ACCT.x=ID-PPL=PA32438.135.95.34=ScrPg=57fb1554a691f74315199ade1438d1e5ebdde6603c7e4dcc8897ff8cf359378dS=$1$CHqSyV1h$VTHvQWaf2b13H1kuJcXOa00OigpmSDL9joh4GYbBNUIAetrT1XndwFVP7yxl6K2EkszMCHqJ3Rcua8fWQZ5vMyDFIQsTRVN8Xbi0BxhGLWAz3UwnSalgkj7ZpfuHOvdCEK6c1roe59tqYm2PJ443281842339,1,0,0,70,1592,0.992323535,3,2,0,2,1,5.761919795299207,0.035623409669211195,0
http://www.alfatoscana.it/fixed_new/customer_center/customer-IDPP00C366/login.php,1,0,0,7,54,1.010204082,3,2,0,2,1,4.680939045727049,0.04285714285714286,1
http://hidayat.uz/928375602332311ochttp3A2F2F2Fws2FISAPIdllFM2MContact26item3B14276952031324requestePPd3DwolandgioielliPPP26qidQ-icetce.ibb.lc.html,1,0,0,108,25531,0.996278214,3,2,0,2,1,5.03241930837066,0.007142857142857143,0
https://americanas-renova.000webhostapp.com/index.html,1,0,0,599,1006,0.992849545,3,2,0,2,1,4.276081999855836,0.021739130434782608,0
https://tny.sh/3z49ULb,1,0,0,22,90,0.973958333,3,2,0,2,1,3.8073549220576055,0.0,0
http://nationaustralianbank.herokuapp.com/login/,1,0,0,26,74,0.95951417,3,2,0,2,1,3.9947641270344936,0.0,1
http://free-payopal.000webhostapp.com/,1,0,0,599,1006,0.992849545,3,2,0,2,1,4.018081793978685,0.03225806451612903,0
https://beasiswagroup1.000webhostapp.com/,1,0,0,594,1005,0.969864218,3,2,0,2,1,4.081532376606413,0.0,0
https://fbonlinegames667.000webhostapp.com/,1,0,0,594,1005,0.969864218,3,2,0,2,1,4.264578373902382,0.0,0
https://grupjhv347.000webhostapp.com/,1,0,0,599,1006,0.992849545,3,2,0,2,1,4.32316116739216,0.0,0
https://punctual-davit.000webhostapp.com/,1,0,0,599,1006,0.992849545,3,2,0,2,1,4.225619876671973,0.030303030303030304,0
https://berbagi-video-mantapmantap.000webhostapp.com/,1,0,0,599,1006,0.992849545,3,2,0,2,1,4.157650873722836,0.044444444444444446,0
https://irregular-felt.000webhostapp.com/,1,0,0,599,1006,0.992849545,3,2,0,2,1,4.248495255525412,0.030303030303030304,0
https://ayoramaikangrupwabokep2020.000webhostapp.com/,1,0,0,599,1006,0.992849545,3,2,0,2,1,4.178088307912702,0.0,0
https://groupbokepwa69.000webhostapp.com/,1,0,0,599,1006,0.992849545,3,2,0,2,1,4.112427831414106,0.0,0
https://gruphijabindoterbaru2020.000webhostapp.com/,1,0,0,594,1005,0.969864218,3,2,0,2,1,4.277797824812465,0.0,0
https://htwave.000webhostapp.com/,1,0,0,599,1006,0.992849545,3,2,0,2,1,3.813660689688185,0.0,0
https://konfirmasi-masuk.000webhostapp.com/,1,0,0,599,1006,0.992849545,3,2,0,2,1,4.221441945207327,0.02857142857142857,0
http://knotinabox.ca/docx.files/wet-file-download/index.php,1,0,0,162,2199,0.963859776,3,2,0,2,1,4.1738228338092815,0.038461538461538464,0
https://whatsapgrup18wo.000webhostapp.com/,1,0,0,599,1006,0.992849545,3,2,0,2,1,4.057476076289931,0.0,0
https://join-grup-vcs-free-for-now.000webhostapp.com/,1,0,0,599,1006,0.992849545,3,2,0,2,1,4.286545741717952,0.1111111111111111,0
https://grubterbaru2121.000webhostapp.com/,1,0,0,599,1006,0.992849545,3,2,0,2,1,4.13850217929474,0.0,0
https://joinw-hatsapp-bokep.000webhostapp.com/,1,0,0,599,1006,0.992849545,3,2,0,2,1,4.0605744745287495,0.05263157894736842,0
https://chat-groupbokep.000webhostapp.com/,1,0,0,599,1006,0.992849545,3,2,0,2,1,4.065260267657297,0.029411764705882353,0
http://paypai-service.webcindario.com/,1,0,1,104,148,0.9819413090000001,3,2,0,2,1,3.9779168746936358,0.03225806451612903,0
https://viro3030.000webhostapp.com/accueil.htm,1,0,0,599,1006,0.992849545,3,2,0,2,1,4.145972171840237,0.0,0
http://adam57-stewart-hsvony.admear.com,1,0,0,1,488,0.986469072,3,2,0,2,1,3.9886085007312415,0.0625,0
https://www.opdatter-norge.com/738d5c105670759/?cmd=_update&dispatch=738d5c1056707594c&locale=_US,1,0,0,9,85,1.006006006,3,2,0,2,1,4.789501707058749,0.10588235294117647,0
http://www.opdatter-norge.com/84343bbfc4a1df2/?cmd=_update&dispatch=84343bbfc4a1df271&locale=_US,1,0,0,9,85,1.006006006,3,2,0,2,1,4.7587584358577235,0.10588235294117647,0
http://studioafrikatv.com/wp-content/upgrade/ser/1/wrong.html,1,0,0,44,90,1.013422819,3,2,0,2,1,4.394073734471543,0.018518518518518517,0
http://studioafrikatv.com/wp-content/upgrade/ser/1/det.html?template=Initiate&valid=true&session=73747564696f616672696b6174762e636f6d,1,0,0,44,90,1.013422819,3,2,0,2,1,4.780644276330735,0.05555555555555555,0
http://studioafrikatv.com/wp-content/upgrade/ser/1/index.html,1,0,0,44,90,1.013422819,3,2,0,2,1,4.426209613980979,0.018518518518518517,0
http://ayoyangmaujoingrup18.000webhostapp.com/,1,0,0,599,1006,0.992849545,3,2,0,2,1,4.3236131161871985,0.0,0
http://internetmillionaires.com/modules/default,1,0,0,9,85,1.0063492059999999,0,0,0,0,0,3.8561983328100946,0.0,0
https://www.opdatter-norge.com/fd8c90f855d9271,1,0,0,9,85,1.006024096,0,0,0,0,0,4.337175341123077,0.029411764705882353,0
http://flamma-systems.com/Indexoff,1,0,0,356,3866,0.966961979,14,7,6,33,5,3.8841550945958057,0.037037037037037035,0
http://www.opdatter-norge.com/fd8c90f855d9271/,1,0,0,9,85,1.006006006,0,0,0,0,0,4.343289445392767,0.02857142857142857,0
https://www.opdatter-norge.com/d3470f1319260a8?cmd=_update&dispatch=d3470f1319260a8fb&locale=_US,1,0,0,9,85,1.006024096,0,0,0,0,0,4.924648226169901,0.10714285714285714,0
http://matagtech.com/globe/GlobalSources/index.html,1,0,0,5,17381,1.0,1,0,3,0,0,4.191830766118722,0.0,0
http://j965rtpdfxoz.appspot.com/,1,0,0,0,0,0.0,12,11,5,4,1,3.9736606896881845,0.0,0
http://art.acausal.net/deuaxer/vip163/pass.php,1,2,0,1,226,0.973451327,7,5,13,10,0,4.04106055186274,0.0,0
https://eby-kleinanzeigen-de-s-anzeige-34677225599.000webhostapp.com/,1,0,0,599,1006,0.992849545,4,2,0,32,8,4.621322534596865,0.08196721311475409,0
http://marufulislam.com/update/autofix/index.php,1,0,0,39,187,0.980792317,1,1,0,0,0,4.113172736114331,0.0,0
http://haton.it/http/25GB/index.php,1,0,1,8,99,0.966875905,43,26,1,38,19,3.797902689682947,0.0,0
http://haton.it/http/25GB/index2.php?email=,1,0,1,8,99,0.966927008,43,26,1,38,19,4.141604167868593,0.05555555555555555,0
http://snip.ly/zjm57r/,1,2,0,28,18268,0.9389888829999999,4,2,7,34,1,3.773557262275185,0.0,0
https://www.rowzatul.com/sendowa/sendowa/files/69208c109af0c78c2dd68a1e27659ff4.php?e=christophe.berbiers@electrabel.com,1,0,0,32,107,0.860986547,4,4,0,0,0,4.789629856415881,0.027777777777777776,0
http://kusoomclub.com/regis/js/de/a9aa88/,1,0,0,9,68,0.49079754600000003,0,0,0,0,0,4.032336282987774,0.0,0
http://kusoomclub.com/regis/js/de/a9aa88/caps.htm?cmd=Complete,1,0,0,9,89,0.511764706,0,0,0,0,0,4.377372787181502,0.03636363636363636,0
http://69.167.151.209/files/5be5fbdef31fbcd3790c2f57a7bb2954/,1,0,0,445,5018,1.005444646,30,21,13,20,0,4.128063957127093,0.0,0
http://69.167.151.209/files/5be5fbdef31fbcd3790c2f57a7bb2954/details.php,1,0,0,570,897,1.005338078,0,0,0,0,0,4.374774214108441,0.0,0
http://69.167.151.209/files/5051844d678ea4798bbd224fc1cdc953/,1,0,0,445,5018,1.005444646,30,21,13,20,0,4.242873789353385,0.0,0
http://69.167.151.209/files/5051844d678ea4798bbd224fc1cdc953/details.php,1,0,0,570,897,1.005338078,0,0,0,0,0,4.470154690111822,0.0,0
http://jcsportsnutrition.com/fiiil/ourtime123,1,0,0,1,99,1.02020202,2,1,1,3,0,3.977804815904364,0.0,0
http://paypal.security-and-safety-action-115204.com/,1,0,-1,-1,-1,-1.0,2,1,1,3,0,4.383535252309069,0.08888888888888889,0
http://u0998324.cp.regruhosting.ru/sckam.mun/signin,1,0,0,16,150108,0.999818243,6,0,147,2059,29,4.299896391167891,0.0,1
http://hcezq.tanglescanner.com/8f,1,0,0,1406,160572,0.979094128,27,15,16,1207,6,3.997952698660691,0.0,0
http://shortenether.duckdns.org/reed/excelzz,1,2,-1,-1,-1,-1.0,16,3,11,51,6,3.847118988424445,0.0,0
https://online-88302.xyz/ned_update/,1,3,-1,-1,-1,-1.0,16,3,11,51,6,4.253434386188785,0.07142857142857142,0
https://online-88302.xyz/ned_update/NzcyIgdHlwZT0idGV4dC9jc3MiPiA8c2NyaXB0IHR5cGU9InRleHQvver_1.php,1,3,-1,-1,-1,-1.0,16,3,11,51,6,5.359404602132567,0.03296703296703297,0
https://online-88302.xyz/ned_update/card_update.php,1,3,-1,-1,-1,-1.0,16,3,11,51,6,4.367897894136355,0.06976744186046512,0
http://jzapih.goruli.com/00,1,2,0,32,2754,0.97923476,26,17,11,50,0,3.9219280948873623,0.0,0
http://vojqxfq.sovereignty2020.com/67b0988d,1,1,0,1456,14589,0.977041487,20,15,10,30,2,4.572431251322119,0.0,0
http://black-oreoo-24.win/abc/latest-onedrive,1,0,0,205,4070,0.952578542,0,0,0,0,0,4.155565013329718,0.07894736842105263,0
https://medtehstore.com/cli/ser/1/wrong.html,1,2,0,65,6495,0.987917607,24,21,0,3,0,3.9193819456463705,0.0,0
https://medtehstore.com/cli/ser/1/index.html?6d656474656873746f72652e636f6d-6d656474656873746f72652e636f6d-6d656474656873746f72652e636f6d6d656474656873746f72652e636f6d6d656474656873746f72652e636f6d=,1,2,0,65,6048,0.9875094059999999,24,21,0,3,0,3.8390441423433095,0.021052631578947368,0
https://medtehstore.com/cli/ser/1/det.html,1,2,0,120,9951,0.9670321059999999,23,19,0,6,12,3.6649767242915083,0.0,0
http://biryqanno.dermals.org/7c5efbbb,1,0,0,162,2754,0.977038882,108,15,11,51,0,4.148394345536404,0.0,0
http://advonationusa.com/wp-image/1/service,1,0,0,1,226,0.973451327,0,0,0,0,12,4.141604167868593,0.027777777777777776,0
http://ztxfmomqf.biogenicherb.com/7ece7e76,1,2,0,162,2754,0.936034925,109,14,21,48,6,4.025591860285232,0.0,0
https://grupviral18.000webhostapp.com/,1,0,0,599,1006,0.992849545,4,2,0,32,8,4.32323142879762,0.0,0
https://joingruphotyangbikinseger.000webhostapp.com/,1,0,0,599,1006,0.992849545,4,2,0,32,8,4.311037868342277,0.0,0
https://akusangemas.000webhostapp.com/,1,0,0,599,1006,0.992849545,4,2,0,32,8,3.9898980954642873,0.0,0
https://fb1logger.000webhostapp.com/,1,0,0,599,1006,0.992849545,4,2,0,32,8,4.110577243331642,0.0,0
https://ayomasukgrupbokepwork.000webhostapp.com/,1,0,0,599,1006,0.992849545,4,2,0,32,8,4.075070520364181,0.0,0
https://amirkhanliker.000webhostapp.com/,1,0,0,599,1006,0.992849545,4,2,0,32,8,4.140319531114783,0.0,0
https://www.rowzatul.com/sendowa/sendowa/files/3aaad61f9d74d073d311069d7539b2bf.php?e=andrew_downs@newton.co.uk,1,0,0,32,107,0.860986547,4,4,0,0,0,4.777021580247068,0.04040404040404041,0
https://hindusthan.net/zzw/index.php?email=,1,0,0,9,85,1.0063492059999999,0,0,0,0,0,4.093149802473811,0.05714285714285714,0
https://hindusthan.net/zzw/page.php?email=&.rand=13vqcr8bp0gud&lc=1033&id=64855&mkt=en-us&cbcxt=mai&snsc=1,1,0,0,9,85,1.0063492059999999,0,0,0,0,0,4.8961420846773365,0.15306122448979592,0
https://redhldeliveryww44.000webhostapp.com/delivery.php?code=4082007,1,0,0,599,1006,0.992849545,4,2,0,32,8,4.415237797007567,0.03278688524590164,0
https://www.rowzatul.com/sendowa/sendowa/files/5ef84904f736973a9d56985419781a81.php?e=bernard.frenay@euroclear.com,1,0,0,32,107,0.860986547,4,4,0,0,0,4.7979389153697385,0.029411764705882353,0
https://www.2worganic.com/IRS/details.php,1,0,0,1020,2562,0.97039989,48,30,7,59,12,4.375222374437917,0.0,0
https://kuesnachttaxi.ch/wp-content/plugins/wp-mail-bank/lib/zend/fre/many2.html,1,0,0,217,2292,0.97562414,14,12,7,12,4,4.4713598991020715,0.041666666666666664,0
https://www.rowzatul.com/sendowa/sendowa/files/6a445e50e4833e6ed836c10a10e23c2f.php?e=delphine.dansaert@vinci-airports.com,1,0,0,32,107,0.860986547,4,4,0,0,0,4.753115600814243,0.03636363636363636,0
http://weevoxsound.com/jfjhfhfhfhfjk/office_micro/login/office,1,1,0,1,226,0.973451327,7,2,14,8,0,4.018892495896522,0.01818181818181818,1
https://www.rowzatul.com/sendowa/sendowa/files/238497355095f944d19d83ed17634264.php?e=daniel.thirkill@kwik-fit.com,1,0,0,32,107,0.860986547,4,4,0,0,0,4.928429543449222,0.0392156862745098,0
http://www.mahogany-broadleaf-troodon.glitch.me/,1,0,0,39,101,0.8989547040000001,2,2,0,0,0,4.08486848794147,0.05405405405405406,0
http://ing.securecovid-19.noez.me/,1,0,0,64,474,0.82618862,1,1,0,0,0,3.986187965046305,0.037037037037037035,0
http://nearhillmachinery.com/encrypted.documents/dropbox,1,0,0,1,43619,1.0000458490000002,3,0,4,8,0,4.163293201691458,0.0,0
http://kellaroot.com/wp-includes/pomo/WellsFargoFinal/signin.php?cmd=login_submit&id=a1b79761b9027e137d672352eebff72ea1b79761b9027e137d672352eebff72e&session=a1b79761b9027e137d672352eebff72ea1b79761b9027e137d672352eebff72e,1,3,0,303,8297,0.950477951,1,0,0,2,0,4.697107716622142,0.037209302325581395,1
http://chat-whatsapp21.4dq.com/,1,1,0,597,550,0.8126674079999999,13,6,0,106,9,3.9701755214643457,0.041666666666666664,0
http://nextwavedigital.com/getcatfit/wp-li_ks-opml.html,1,1,0,1,226,0.973451327,2,0,5,44,0,4.29799505257913,0.0625,0
http://www.nellyreifler.com/covid-19/,1,0,0,1011,64,1.000406559,0,0,0,0,0,3.9500637564362093,0.038461538461538464,0
http://interparfum.by/wp-includes/modules/confirmnewboa/confirmnewboa/login.php,1,0,0,9,113,1.005347594,0,0,0,0,0,4.318891759814745,0.013888888888888888,1
http://ironkeyinvestments.com/wp-content/plugins/contact-form-7/includes/js/05594f,1,0,0,313,90531,0.990227925,32,23,4,17,4,4.48258019835284,0.04,0
https://royaltyinnovation.com/thenavyboyart/apps/login.php?cmd=login_submit&id=b007a3598ea2d4f8b0cca22c961c504db007a3598ea2d4f8b0cca22c961c504d&session=b007a3598ea2d4f8b0cca22c961c504db007a3598ea2d4f8b0cca22c961c504d,1,0,0,1,226,0.973451327,31,22,7,18,0,4.801135847447441,0.03365384615384615,1
https://royaltyinnovation.com/thenavyboyart/apps/login.php?cmd=login_submit&id=202b2a14e75764f048e30cce0322e3b7202b2a14e75764f048e30cce0322e3b7&session=202b2a14e75764f048e30cce0322e3b7202b2a14e75764f048e30cce0322e3b7,1,0,0,1,226,0.973451327,31,22,7,18,0,4.695316887724109,0.03365384615384615,1
https://nellyreifler.com/covid-19/step2.php,1,0,0,1011,61,1.000406725,0,0,0,0,0,4.28614658824991,0.02857142857142857,0
http://www.piapendet.com/Open-facturas/,1,0,0,29,114,1.026315789,0,0,0,0,0,4.012188403968661,0.03571428571428571,0
http://mettek.com.tr/ups.com/WebTracking/QT-1712559/,1,0,0,349,6667,1.027436714,0,0,0,0,0,4.519087818311513,0.022222222222222223,0
http://202.29.95.12/axel.exe,1,0,0,1986,14652,1.029485162,0,0,0,0,0,3.213513256009071,0.0,0
http://202.29.95.12/spoitor.exe,1,0,0,2695,57011,1.031789362,0,0,0,0,0,3.66829583405449,0.0,0
http://69.167.151.209/files/8da51428d583a74ca672850ada51728a/,1,0,0,445,5018,1.005444646,30,21,1,20,0,4.063068123713632,0.0,0
http://69.167.151.209/files/8da51428d583a74ca672850ada51728a/details.php,1,0,0,570,897,1.005338078,0,0,0,0,0,4.299441953304752,0.0,0
http://69.167.151.209/files/da05046b3973c0c74482220e0b036d0b/,1,0,0,445,5018,1.005444646,30,21,1,20,0,4.161570835176289,0.0,0
http://69.167.151.209/files/da05046b3973c0c74482220e0b036d0b/details.php,1,0,0,570,897,1.005338078,0,0,0,0,0,4.410152620421206,0.0,0
http://nicolasfaure.com/ukdropb/documentsharepdffile/google,1,0,0,12,8653,1.0005209959999999,2,0,20,9,0,4.216622112447409,0.0,0
https://live-projecthub.xyz/adim/filedocument/oneddrive/login-option.php,1,0,0,9,85,1.0063492059999999,0,0,0,0,0,4.374389062229566,0.03125,1
http://casace.org/misc/farbtastic/chronopo.../client.id987062019/infoschrono/098c9,1,1,0,649,1009,0.88728599,6,5,0,8,7,4.363614485003473,0.0,0
http://www.poptardsgo.com/wp-content/support/653e1f44883c58053633f69ef966318a/,1,0,0,5,301,1.129424779,3,3,0,0,0,4.463727303348947,0.014925373134328358,0
http://69.167.151.209/files/e28dc38ba09b4d95755ca5dcf9e4d54d/,1,0,0,445,5018,1.005444646,30,21,1,20,0,4.2130656324193705,0.0,0
http://69.167.151.209/files/e28dc38ba09b4d95755ca5dcf9e4d54d/details.php,1,0,0,570,897,1.005338078,0,0,0,0,0,4.416158151583716,0.0,0
https://exxvs.000webhostapp.com/ATT/AT&T/login.php,1,0,0,599,1006,0.993322302,4,2,0,32,8,4.320423374953669,0.023809523809523808,1
http://121.233.40.2:34262/Mozi.m+-O+-,1,0,0,917,719,1.0488719359999998,0,0,0,0,0,3.828072996388509,0.13333333333333333,0
https://elvin-trade.kz/admin/model/site-verification:google6ed919c64c88a3d9/home/myaccount/access.php?websrc=e17ea285ad581008aac6b89b49ab879e&dispatched=70&id=9887012833,1,0,0,0,0,0.0,0,0,0,0,0,4.930513562864533,0.049689440993788817,0
https://elvin-trade.kz/admin/model/site-verification:google6ed919c64c88a3d9/home/myaccount/billing.php?websrc=e17ea285ad581008aac6b89b49ab879e&dispatched=37&id=1828284363,1,0,0,0,0,0.0,0,0,0,0,0,4.963990586330476,0.04938271604938271,0
https://elvin-trade.kz/admin/model/site-verification:google6ed919c64c88a3d9/home/myaccount/vbv.php?websrc=ad3a9d2b11e818978d5ef36c7b424686&dispatched=57&id=1098821107,1,0,0,0,0,0.0,0,0,0,0,0,5.004620142168286,0.05063291139240506,0
https://elvin-trade.kz/admin/model/site-verification:google6ed919c64c88a3d9/home/myaccount/uploads/index.php?websrc=e17ea285ad581008aac6b89b49ab879e&dispatched=75&id=7477399914,1,0,0,0,0,0.0,0,0,0,0,0,4.958431330066502,0.047619047619047616,0
http://69.167.151.209/files/5b311b2c902eb849066bbc5cc11bc049/,1,0,0,445,5018,1.005444646,30,21,1,20,0,3.951182124084624,0.0,0
http://69.167.151.209/files/5b311b2c902eb849066bbc5cc11bc049/details.php,1,0,0,570,897,1.005338078,0,0,0,0,0,4.308520268162952,0.0,0
http://69.167.151.209/files/ae7dff57b0427500594a4d31efd4bba1/,1,0,0,445,5018,1.005444646,30,21,1,20,0,4.108705039393448,0.0,0
http://69.167.151.209/files/ae7dff57b0427500594a4d31efd4bba1/details.php,1,0,0,570,897,1.005338078,0,0,0,0,0,4.331993921014189,0.0,0
http://69.167.151.209/files/5b311b2c902eb849066bbc5cc11bc049,1,0,0,445,5018,1.005454545,30,21,1,20,0,3.942161909014252,0.0,0
http://69.167.151.209/files/ae7dff57b0427500594a4d31efd4bba1,1,0,0,445,5018,1.005454545,30,21,1,20,0,4.102656954800602,0.0,0
http://drumetulguard.com.ro/templates/siteground-j15-27/images/msg.jpg,1,0,0,7451,11825,1.035558993,0,0,0,0,0,4.3288914880719105,0.031746031746031744,0
http://37.49.226.114/bins/sora.arm5,1,0,0,1109,6858,1.013188451,0,0,0,0,0,4.021640636343318,0.0,0
http://vacationgiveawaysclub.com/summary/d55a580c7351d2c4e32fa8431b455e19/,1,0,0,1,446,0.9932885909999999,3,2,0,2,1,4.6436977733510885,0.0,0
http://114.238.9.23:33358/i,1,0,0,917,719,1.0488719359999998,0,0,0,0,0,3.2037016960573483,0.0,0
https://000asmr.com/csi/Adobe-Document.html,1,0,0,379,1458,0.971292578,0,0,0,0,0,4.207435516759524,0.02857142857142857,0
https://jifendownload.2345.cn/jifen_2345/2345pic_k15907897527.exe,1,0,0,178759,6081,1.041222074,0,0,0,0,0,4.510362330212914,0.03508771929824561,0
http://dx113.downyouxi.com/duziweibanzhongwenban.exe,1,0,0,109374,1612,1.0416965,0,0,0,0,0,4.127762474435138,0.0,0
https://edicolanazionale.it/wp-content/jh7my-bnqb2-zxav/,1,0,0,617,6075,1.01269648,0,0,0,0,0,4.41540071973329,0.0625,0
http://isso.ps/files/general/file/gama/coinpot.exe,1,0,0,6697,426888,1.015327642,0,0,0,0,0,3.8591931736496754,0.0,0
http://andrealichtenstein.de/Anna/Main.htm,1,0,0,243,1778,0.998857911,15,9,28,18,1,3.728724445269141,0.0,0
http://valeriepines.buzz/Equipment/PROJECTPROPOSAL/ott,1,0,0,68,208,0.915461897,0,0,0,0,0,4.623217840809184,0.0,0
https://ab453bbe-3b65-47cf-9eca-798689d971d5.htmlcomponentservice.com/get_draft?id=0c584d_a2d8f130e4a79a0218456c2b5f90d524.html,1,1,0,1,134824,1.0009939620000001,11,3,92,811,160,4.84659405099936,0.06722689075630252,0
http://goharm.com/wp-content/disponible-sector/bwn-lf2m4s2j-bwn-lf2m4s2j/v3oSv-3pj20N6968Gnd/,1,0,0,312,3635,0.963023018,10,7,2,13,5,4.800826313083933,0.06976744186046512,0
http://24.54.106.17/invoice/Document.zip,1,0,0,2294,968,1.04647553,0,0,0,0,0,4.233639952626228,0.0,0
http://internetmillionaires.com/modules/default/5621b201bf0e5cf7c51eed95e813c3ea/load.php,1,0,0,9,85,1.0063492059999999,0,0,0,0,0,4.578912109106325,0.0,0
https://medtehstore.com/cli/ser/1/index.html?6d656474656873746f72652e636f6d-6d656474656873746f72652e636f6d-6d656474656873746f72652e636f6d6d656474656873746f72652e636f6d6d656474656873746f72652e636f6d=,1,2,0,65,6048,0.9875094059999999,24,21,0,3,0,3.8390441423433095,0.021052631578947368,0
http://snapuser012104589.000webhostapp.com/,1,0,0,599,1006,0.993322302,4,2,0,32,8,4.3054967936988735,0.0,0
https://drive.google.com/uc?id=1I-m-Zdvb1MI-EE99NWHEPjL8qWaX7E0U&export=download,1,0,0,2322,877,1.0646425929999999,4,2,0,32,8,5.161186244732721,0.09722222222222222,0
https://raw.githubusercontent.com/pistacchietto/Win-Python-Backdoor/master/setupserie.py,1,0,0,91,151,1.0003097890000001,0,0,0,0,0,4.33256939016096,0.025,0
http://u1.xainjo.com/cpuz_153_cn.exe,1,0,0,4997,4622,1.043128828,0,0,0,0,0,4.0472990984266435,0.06896551724137931,0
http://betaresourcesltd.com/wp-content/plugins/freedom/,1,1,0,5,195445,1.0,4,1,16,35,0,4.15726822961739,0.020833333333333332,0
http://69.167.151.209/files/9a7662c6efd0ebe03fc012b58cdc8092/details.php,1,0,0,570,897,1.005338078,0,0,0,0,0,4.374774214108442,0.0,0
http://p3.zbjimg.com/task/2009-07/28/117228/4wtjdjio.rar,1,0,0,2413,1063,1.052907963,0,0,0,0,0,4.55605059960649,0.02040816326530612,0
http://csnserver.com/blog/fyfVE-Ni_TDnvu-SKo/,1,0,0,12,275,1.037296037,0,0,0,0,0,4.576617644908667,0.07894736842105263,0
https://cjwpropertygroup.com/azex/,1,0,0,419,17957,0.974510632,19,14,1,15,5,3.921029621737614,0.0,0
http://173.25.113.8:24835/.i,1,0,0,633,892,1.069143623,19,14,1,15,0,3.27280432733462,0.0,0
https://drive.google.com/uc?export=download&id=13CrZW-s4uLVOq2MoVQV9C5fs5lBfohk8,1,0,0,9,39,1.0070921990000001,0,0,0,0,0,5.183542362433232,0.06944444444444445,0
http://social.scottsimard.com/wp-admin/MGGph902/,1,0,0,3095,1990,1.045327883,0,0,0,0,0,4.3018395042487105,0.024390243902439025,0
http://cisco.utrng.edu.mx/wfpagconemail/attachments/wtngxw/6x5gqg4476284936534726kirgsz3ss/,1,0,0,9,121,1.0090634440000001,0,0,0,0,0,4.777758982983741,0.0,0
https://tagsforpets.co.uk/45131Raw_encrypted_A2320DF.bin,1,0,0,9,85,1.0063492059999999,0,0,0,0,0,4.829448698502608,0.041666666666666664,0
http://wp.quercus.palustris.dk/wp-content/plugins/ultimate-tinymce/includes/3,1,0,0,1457,1097,1.047057095,0,0,0,0,0,4.274673875759232,0.02857142857142857,0
https://raw.githubusercontent.com/pistacchietto/Win-Python-Backdoor/master/step.bat,1,0,0,9,129,1.00127551,0,0,0,0,0,4.321248658751376,0.02666666666666667,0
http://camionesconcesta.com/modules/jmsslider/views/SCAMA/banks/chase/home/dhkzmm=/,1,0,0,11,64,1.008130081,0,0,0,0,0,4.299623238715761,0.013157894736842105,0
https://alluringuk.com/images/file/waplord/Order.doc,1,0,0,3,4670328,1.0000002140000002,0,0,0,0,0,4.146376220664176,0.0,0
http://oktoberfestbremke.de/sign-in,1,0,0,1,64,1.015384615,0,0,0,0,0,3.821296333684861,0.03571428571428571,0
http://178.214.73.181:9615/.i,1,0,0,633,892,1.069143623,0,0,0,0,0,3.386266142526532,0.0,0
http://kimyen.net/upload/CTCTanthu.exe,1,0,0,12126,38763,1.043362277,0,0,0,0,0,4.091135423220311,0.0,0
http://wbd.5636.com/d5/Client62156.exe,1,0,0,1115,983,1.049006818,0,0,0,0,0,4.106949132758152,0.0,0
http://hwsrv-675710.hostwindsdns.com/8arm68,1,0,-1,-1,-1,-1.0,0,0,0,0,0,4.336591668108978,0.027777777777777776,0
http://probost.cz/olex.exe,1,0,0,4900,27903,1.0361875170000001,0,0,0,0,0,3.536886723742167,0.0,0
http://www.whatsappjapan.jkub.com/login.php,1,1,0,597,550,0.8129970740000001,-1,13,-1,-1,9,3.988608500731241,0.0,1
http://203.202.243.233:5479/.i,1,3,0,676,1116,1.06589444,19,13,0,108,9,3.149229761516282,0.0,0
http://217.8.117.23/climitk.exe,1,3,0,1294,40637,1.0208820779999999,19,13,0,108,9,3.7201755214643453,0.0,0
http://mperez.com.ar/servicio.exe,1,3,0,5157,4464,1.040215625,19,13,0,108,9,3.5804621997271013,0.0,0
http://212.46.197.114:17739/.i,1,3,0,676,1116,1.06589444,19,13,0,0,0,3.203365087509175,0.0,0
https://wallieget.com/8jdu/sb6/index.php?_,1,0,0,49,145,0.977501197,10,8,4,4,1,4.513645929358369,0.058823529411764705,0
https://raw.githubusercontent.com/fuzzbunch/fuzzbunch/master/payloads/Doublepulsar-1.3.1.exe,1,0,0,238,2543,1.026398001,0,0,0,0,0,4.5369784771601385,0.011904761904761904,0
https://www.zetaestrutural.com.br/qwerty/asdfghjkl/qwerty/SFExpress/?email=sp1448@naver.com,1,0,0,95,1911,0.9867817640000001,13,10,0,14,8,4.835347921429709,0.0379746835443038,0
http://162.220.8.224/wrgjwrgjwrg246356356356/n6,1,0,-1,-1,-1,-1.0,0,0,0,0,0,3.683206219346494,0.0,0
http://intersel-idf.org/ecrire/maj/w2.exe,1,0,0,974,12825,0.941111741,0,0,0,0,0,4.057476076289931,0.029411764705882353,0
http://spentakitchen.com/signup/confirmuser,1,0,1,154,821,0.9917116659999999,0,0,0,0,0,4.030493056757482,0.0,0
http://96.9.69.148:3194/,1,0,0,676,1116,1.06589444,0,0,0,0,0,2.984234164652489,0.0,0
http://whatsappbokepviral18plus.mrbonus.com/login.php,1,-1,0,597,550,0.8129970740000001,-1,13,-1,108,9,4.294663586209604,0.0,1
http://up.ksbao.com/updateKSBD/UpdateFiles/app/testupdata/5.3/ExamBible20150706.exe,1,3,0,30375,190821,1.0395557290000002,19,13,0,108,9,4.603826073962653,0.0,0
http://88.218.17.232/bins/suckukinjereeeettttttt.arm7,1,0,-1,-1,-1,-1.0,0,0,0,0,0,4.072020653162078,0.0,0
http://www.glitzygal.net/wp-content/themes/FreshClean/includes/msg.jpg,1,0,0,7024,3926,1.027961783,0,0,0,0,0,4.315178542959913,0.01694915254237288,0
http://internetmillionaires.com/modules/default/b73fb17933f934f6e589cb1f459b412f/Snd/default/cb620ff27788d9f5aaf0890b4d2252d7,1,0,0,9,85,1.0063492059999999,0,0,0,0,0,4.638964547943064,0.0,0
https://onedrive.live.com/download?cid=B24535E108E4D261&resid=B24535E108E4D261%21134&authkey=AAWXqJY0xD-VP5g,1,0,0,0,0,0.0,0,0,0,0,0,5.238080915923082,0.08,0
http://hostzaa.com/song/oEWG-13tBc_FK-aB/,1,0,0,875,5762,1.0100843959999999,0,0,0,0,0,4.278351811711311,0.08823529411764706,0
https://www.haawoomedia.com/wp-admin/mtbonline/,1,0,0,210,3635,0.959347266,6,3,2,13,5,3.8645783739023822,0.02857142857142857,0
https://hustonid.buzz/a/onedrive/FBG/,1,0,-1,-1,-1,-1.0,0,0,0,0,0,4.0993603054724,0.0,0
http://camionesconcesta.com/modules/jmsslider/views/SCAMA/banks/chase/home/dq0zti=/,1,0,0,11,64,1.008130081,0,0,0,0,0,4.398986646403832,0.013157894736842105,0
http://88.218.17.232/bins/suckukinjereeeettttttt.mpsl,1,0,-1,-1,-1,-1.0,0,0,0,0,0,4.099088316158524,0.0,0
http://98.114.21.206:18442/.i,1,0,0,633,892,1.069143623,0,0,0,0,0,3.208987300258799,0.0,0
https://kalibraproperties.co.za/wp-admin/cgi/,1,0,0,9,68,1.011111111,0,0,0,0,0,4.175273297885967,0.02702702702702703,0
http://acslabtest.com/mayjj/jayak/fun/tonin.php,1,0,0,365,3623,0.975577899,19,16,5,8,0,4.125070520364181,0.0,0
http://5.95.59.66:26386/.i,1,0,0,633,892,1.069143623,19,16,5,8,0,3.050301855434981,0.0,0
https://bofauserverification.com/TScreenV1/veritdc.php?version=1&pm_fpua=browser/5_0_(system_nt_10_0;_win64;_x64;_rv:63_0)_gecko/20100101_firefox/63_0%7C5_0_(Windows)%7CWin32&pm_fpsc=24%7C1920%7C1080%7C1040&pm_fpsw=&pm_fptz=-4&pm_fpln=lang=es-ES%7Csyslang=%7Cuserlang=&pm_fpjv=0&pm_fpco=1=,1,0,0,9,85,1.0063492059999999,0,0,0,0,0,5.2379787396814015,0.18861209964412812,0
https://onedrive.live.com/download.aspx?authkey=%21APHrx%2DcIvP373zY&cid=10CC585D17234331&resid=10CC585D17234331%21109&parId=root&o=OneUp,1,0,0,0,0,0.0,0,0,0,0,0,5.175387965354885,0.10077519379844961,0
http://69.167.151.209/files/139fc0c02c7ee0da31f2134fb781c748/,1,0,0,445,5018,1.005444646,31,22,13,20,0,4.158946586100803,0.0,0
http://69.167.151.209/files/307e80c2f447beb7c5e4e63d87c65d00/,1,0,0,445,5018,1.005444646,31,22,13,20,0,4.174179234824743,0.0,0
http://azecra.com/web_map/review7809/0fd50,1,0,0,146,328,0.663895782,3,3,0,0,0,4.264578373902382,0.02857142857142857,0
http://27.238.33.39:36204/.i,1,0,0,633,892,1.069143623,3,3,0,0,0,3.232101804845413,0.0,0
http://schollaert.eu/denart/privado-modulo//EESKVDRQ-eL47zQSSXiT-EESKVDRQ-eL47zQSSXiT/QsOKV9D00i-5ej001o6Kr1MM8/,1,0,0,917,10686,1.0207831,3,3,0,0,0,5.10345805150318,0.047619047619047616,0
http://mazzottadj.com/wp-content/parts_service/wx45mrxr/4fd4-460671359-04635249-ljfu3it-oi2cwywwzhuy/,1,0,0,7,135,1.007220217,0,0,0,0,0,4.938763623493893,0.06382978723404255,0
http://120.25.241.243/new_pp_free.exe,1,0,0,0,0,0.0,0,0,0,0,0,3.7199025797939584,0.06666666666666667,0
http://knotinabox.ca/docx.files/wet-file-download/index.php,1,0,0,162,2199,0.963859776,5,4,0,3,0,4.1738228338092815,0.038461538461538464,0
http://www.documents-cloud-server7.co.za/doc/msofficeupdater.exe,1,0,0,118,4070,0.9711058579999999,0,0,0,0,0,4.182820163772053,0.03773584905660377,0
http://www.picnicustad.pk/static/js/365/one%20drive,1,4,0,959,181417,0.959389658,18,16,0,63,2,4.315311532225102,0.025,0
https://dentalleadgrp.com/.well-known/pki-validation/service-chase/firstlog.php?public/enroll/IdentifyUser-aspx-LOB=RBGLogon=NjU0NDUyMjc5NjU0NDUyMjc5&session=NjU0NDUyMjc5NjU0NDUyMjc5,1,0,-1,-1,-1,-1.0,0,0,0,0,0,5.052708783678517,0.05747126436781609,0
http://27.48.138.13:8026/.i,1,0,0,676,1116,1.06589444,0,0,0,0,0,3.384183719779189,0.0,0
https://irregular-felt.000webhostapp.com/,1,0,0,599,1006,0.993322302,4,2,0,32,8,4.248495255525412,0.030303030303030304,0
https://treiosazie.000webhostapp.com/exce/exce/i/vendor/nikic/php-parser/po/?,1,0,0,599,1006,0.993322302,4,2,0,32,8,4.202393391956838,0.028985507246376812,0
https://att-com-login-proxd-att-secured-commonigates-att0yahoo-ref-att.weebly.com/,1,0,0,111,368,0.9918158570000001,1,1,0,0,0,4.198195425942748,0.12162162162162163,1
https://vrovafacets.com/wp-includes/SimplePie/Decode/HTML/access/log.htm,1,0,-1,114,132,-1.0,0,0,0,0,0,4.504834617629516,0.015625,0
https://klen.bg/rmcp/login.jsp.php?session_id=EG8SZwptHnkqa1NbL9ithQUv1OAfrww2czgIQHUZSclTDHPqz8jXTo6rbVElaxucUBghcnhWwAvox8Ap,1,0,0,7,28,1.01980198,0,0,0,0,0,5.526598401325017,0.025423728813559324,1
http://73.231.235.88:7892/.i,1,0,0,633,892,1.069143623,0,0,0,0,0,3.236857303422074,0.0,0
http://ditec.com.my/help/parts_service/72fio-744612-15522927-bcrr9w7-ihh4kpzez/,1,0,0,930,17256,1.043279178,0,0,0,0,0,4.7326480090067005,0.06944444444444445,0
http://31.179.201.26:32362/.i,1,0,0,676,1116,1.06589444,0,0,0,0,0,3.2089873002587996,0.0,0
https://pastebin.com/raw/fDpf4JYj,1,0,0,1,124420,1.000008037,0,0,0,1,0,4.323856189774723,0.0,0
http://211.225.152.102:31663/.i,1,0,0,633,892,1.069143623,0,0,0,1,0,3.034159127851422,0.0,0
http://38.73.238.138/lmaoWTF/loligang.sh4,1,0,-1,-1,-1,-1.0,0,0,0,0,0,4.101881223476018,0.0,0
http://dx.198424.com/soft3/qqkjjmxcck.zip,1,0,0,7923,1217,1.047451033,0,0,0,0,0,4.337175341123077,0.0,0
http://zagruz.toh.info/asufer.exe,1,0,0,1,242,1.144628099,1,0,0,1,0,3.8731406795131322,0.0,0
http://181.114.101.85:30173/.i,1,0,0,676,1116,1.06589444,1,0,0,1,0,3.0604539363003513,0.0,0
https://pastebin.com/raw/33h2UbNu,1,0,0,1,6032,1.000165782,0,0,0,0,0,4.323856189774723,0.0,0
http://111.93.169.90/teamB-Forum/lp1gf-ti2g1-18/,1,0,0,981,12243,1.063670874,0,0,0,0,0,4.268014578689861,0.07317073170731707,0
http://u1.xainjo.com/k-nousit_cangku.exe,1,0,0,3574,4622,1.045369383,0,0,0,0,0,4.104407755459851,0.06060606060606061,0
https://www.sendspace.com/pro/dl/n2d8d7,1,0,0,38,157,0.855555556,0,0,0,0,0,3.838039816898156,0.0,0
http://chat-whatsappberbagivid18.zzux.com/login.php,1,0,0,205,4070,0.9527186759999999,0,0,0,0,0,4.498871107126151,0.022727272727272728,1
https://storage.googleapis.com/wzukusers/user-34654398/documents/5c6e2cbda22efXk3T7X2/base64.txt,1,0,0,1,169984,1.000005883,0,0,0,0,0,4.784430591179825,0.011363636363636364,0
http://jointings.org/eng/wp-content/plugins/featurific-for-wordpress/2,1,0,0,332,1196,1.061048021,0,0,0,0,0,4.164375170983017,0.047619047619047616,0
http://m.lks2983.com/,1,0,0,235,2546,0.958611482,5,4,1,5,5,3.521640636343319,0.0,0
http://odontomedicas.com/wp-includes/zip/Sign_In.html,1,3,0,483,1208,0.933662738,63,51,10,43,14,4.3274847819558415,0.043478260869565216,0
https://onedrive.live.com/download?cid=CB64E6E1A6CE15A2&resid=CB64E6E1A6CE15A2%21110&authkey=ABDEvWq6zapJdrI,1,0,0,0,0,0.0,0,0,0,0,0,5.0017278464808195,0.07,0
http://www.hyvat-olutravintolat.fi/Scan214369.doc,1,0,0,987,1143,1.054917167,0,0,0,0,0,4.385956789702441,0.02631578947368421,0
http://sriglobalit.com/wp-admin/ke/,1,0,0,866,6327,1.018729037,0,0,0,0,0,4.182005814760214,0.03571428571428571,0
http://dichvutiemtruyentainha.com/700.bin,1,0,0,9,85,1.006134969,0,0,0,0,0,4.101881223476018,0.0,0
https://nilsonszylit.com.br/doc/login.php?cmd=login_submit&id=4707fc126c7e8de240dda5090b0a05c34707fc126c7e8de240dda5090b0a05c3&session=4707fc126c7e8de240dda5090b0a05c34707fc126c7e8de240dda5090b0a05c3,1,0,0,207,1911,0.962883013,12,6,0,20,4,4.682927229315807,0.03664921465968586,1
http://112.163.80.114:8653/.i,1,0,0,633,892,1.069143623,12,6,0,20,4,3.2953570516174415,0.0,0
http://shishangta.cn/admin/rfln7j5do/lvyj70k2769261567wfe0piy07nzgwdkkw/,1,0,-1,-1,-1,-1.0,0,0,0,0,0,4.75308329819741,0.0,0
http://85.238.105.94:5583/.i,1,0,0,676,1116,1.06589444,0,0,0,0,0,3.3087513512471656,0.0,0
https://crowleyla.buzz/PIO/RR/wm/,1,0,0,68,208,0.91506647,0,0,0,0,0,4.003856189774724,0.0,0
http://sinerjias.com.tr/neticra/program/48.zip,1,0,0,38717,2193,1.042872788,0,0,0,0,0,4.006573937300012,0.0,0
https://www.krish-invest.ae/001/mobile/step2.php,1,0,0,185,4070,0.960535247,0,0,0,0,0,4.197159723424148,0.027777777777777776,0
http://citrag.ci/hickpartners/No_cap/FBG,1,0,0,118,4070,0.971067859,0,0,0,0,0,4.104407755459851,0.030303030303030304,0
https://raw.githubusercontent.com/pistacchietto/OSX-Peristant-BackDoor/master/woffice.py,1,0,0,122,164,1.021688613,0,0,0,0,0,4.4544612642173735,0.025,0
http://badhaee.com/images/banner/login/paypal/,1,0,0,7,86,0.975708502,0,0,0,0,0,3.9040098347359096,0.0,1
http://69.167.151.209/files/e1125191c16a36584eaca55cf48d7696/details.php,1,0,0,570,897,1.005338078,0,0,0,0,0,4.28961103636552,0.0,0
http://onestin.ro/wpThumbnails/FILE/4o2up4lwzoaafd64w4c3tk2t0_7gmgqn-74402121536/,1,0,0,627,5762,1.01303156,0,0,0,0,0,5.050339345212502,0.02702702702702703,0
https://fishingbigstore.com/addons/EwRc-5aaHlkpe793CoDF_LCtnczPfJ-sN/,1,0,0,1,12202,1.002130798,0,0,0,0,0,5.049189181647845,0.04918032786885246,0
http://211.195.27.69:60954/.i,1,0,0,633,892,1.069143623,0,0,0,0,0,3.390805482076981,0.0,0
http://51.89.76.220/mips64,1,0,0,1323,24501,1.006906794,0,0,0,0,0,3.7871439606981383,0.0,0
http://camionesconcesta.com/modules/jmsslider/views/SCAMA/banks/chase/home/,1,0,0,11,64,1.008130081,0,0,0,0,0,4.205254298867389,0.0,0
http://ermekanik.com/templates/mybusiness/images/sserv.jpg,1,0,0,6998,4501,1.038960724,0,0,0,0,0,4.056300157901493,0.0,0
http://46.72.31.99:16911/.i,1,0,0,633,892,1.069143623,0,0,0,0,0,3.184183719779189,0.0,0
http://125.26.165.244/am/protected-module/verifiable-space/zjwb43i8n4nof-xy3uy4vs0xu8s/,1,0,0,972,12242,1.05102226,0,0,0,0,0,4.91232614525601,0.0375,0
http://180.177.242.73:56526/.i,1,0,0,633,892,1.069143623,0,0,0,0,0,3.501397825434103,0.0,0
http://depot7.com/aflinks/dMGj-tfqqkWYADzka8Py_ATzCwymsj-jzS/,1,0,0,1,32075,1.001278254,0,0,0,0,0,4.995266205706915,0.05555555555555555,0
http://fkd.derpcity.ru//f/tty1,1,0,0,320,15756,1.055707111,0,0,0,0,0,3.675310868912364,0.0,0
http://www.saganagetaway.com/.well-known/pki-validation/default/,1,0,0,9,85,1.0063492059999999,0,0,0,0,0,4.185006539264758,0.03773584905660377,0
https://gist.githubusercontent.com/Zibri/19f9838ffd12349bb2c6c3afddc9388f/raw/01977fd3c7e036c3a38f062f626fd189ba1e1aa3/UEFIVAR.EXE,1,0,0,2691,2648,1.044681824,0,0,0,0,0,4.8736698465281565,0.0,0
http://210.4.69.22:5769/.i,1,0,0,676,1116,1.06589444,0,0,0,0,0,3.3660913291191914,0.0,0
http://www.fbid-123625402580779-set.gm.26696.verify.serve.g0v.me/,1,0,0,13,200,0.96196868,0,0,0,0,0,4.409902493217345,0.037037037037037035,0
http://87.117.172.48:27168/.i,1,0,0,633,892,1.069143623,0,0,0,0,0,3.061482186720775,0.0,0
https://srvdedicado.com/wp-includes/BofaNewReset/bof987654RESET/,1,0,0,9,85,1.0063492059999999,0,0,0,0,0,4.7873653599368255,0.017857142857142856,0
http://perthenvelope.com.au/kingdomcrafts.com.au/PROPDF/view308d.php,1,0,0,118,4070,0.971045012,0,0,0,0,0,4.68092043661981,0.0,0
http://healthesouls.com/secure/Chase/9000185315e8f34d5a0b97ac4f37a946/,1,0,0,205,4070,0.952783789,0,0,0,0,0,4.49079197918651,0.0,1
http://111.38.26.184:60831,1,0,0,917,719,1.0488719359999998,0,0,0,0,0,2.925853014561282,0.0,0
http://69.167.151.209/files/6ee1bec902856d3a72d3303db608fdcf/,1,0,0,445,5018,1.005444646,0,0,0,0,0,4.1737008728069105,0.0,0
https://asean-india.org/wp-content/themes/bc-business-consulting/inc/index.html,1,0,0,0,0,0.998796679,0,0,0,0,0,4.180906190220707,0.056338028169014086,0
http://142.11.195.135/8x868,1,0,0,298,964,1.056311803,0,0,0,0,0,3.1659573209491745,0.0,0
http://5.57.133.136:35479/.i,1,0,0,676,1116,1.06589444,0,0,0,0,0,3.2135132560090702,0.0,0
https://www.weldingn.com/webs/Aruba-it-3page/Aruba-it/,1,0,0,7,54,1.010204082,0,0,0,0,0,4.3024498629973955,0.07142857142857142,0
http://62.34.210.232:45809/.i,1,0,0,633,892,1.069143623,0,0,0,0,0,3.459431618637296,0.0,0
http://bd18.52lishi.com/bd70305.zip,1,0,0,3881,1239,1.044242018,0,0,0,0,0,4.182005814760214,0.0,0
http://down.softlist.tcroot.cn/xbdtfences4310v1426.exe,1,0,0,1,82,1.012195122,0,0,0,0,0,4.28066751165791,0.0,0
http://sexxjoingrup20.dns04.com/login.php,1,0,0,205,4070,0.952559794,0,0,0,0,0,4.2339466645252255,0.0,1
http://nerve.untergrund.net/releases/zorke_release/zorke_asciiverter_v1.00/zke-ascv.exe,1,0,0,77,4460,1.044401809,0,0,0,0,0,4.063860797420771,0.05,0
http://chiptune.com/razor/rzr-winner_intro.zip,1,0,0,499,804,1.071196758,0,0,0,0,0,3.9259265776147134,0.05128205128205128,0
https://rolistoys.com/Office/login.php,1,0,0,118,4070,0.9711286090000001,0,0,0,0,0,4.01506101220307,0.0,1
http://taylormadegolf.asia/signups/id/30ee37d3fb297d7913ffd5f1ae4aee9b/index2.php,1,0,0,158,257,0.862124525,9,9,0,1,0,4.570261136626954,0.0,0
http://yeez.net/_notes/trust.En.sign.office./,1,0,0,115,626,1.07609073,0,0,0,0,0,3.8076891988856754,0.02631578947368421,0
http://69.167.151.209/files/e28dc38ba09b4d95755ca5dcf9e4d54d/,1,0,0,445,5018,1.005444646,0,0,0,0,0,4.2130656324193705,0.0,0
http://onlinebuy24.eu/themes/classic/plugins/elb.exe,1,0,0,7279,14978,1.0280347429999999,0,0,0,0,0,4.071494274976484,0.0,0
http://a0417399.xsph.ru/2/f944be10384adda66b3b412f04425cc2/b2.html,1,0,0,7,43,0.9675324679999999,0,0,0,0,0,4.483569533362105,0.0,0
https://polyin.org/wp-includes/js/jquery/ui/uis/Hjkjsxmoo/,1,0,0,118,4070,0.97102976,0,0,0,0,0,4.21082650068666,0.02,0
http://45.4.56.54:58104/.i,1,0,0,676,1116,1.06589444,0,0,0,0,0,2.9847696187067423,0.0,0
http://janvierassocies.fr/office/track.jpg,1,0,0,1,4849529,1.000000206,0,0,0,0,0,3.9497340879408434,0.0,0
http://211.229.56.214:26136/.i,1,0,0,633,892,1.069143623,0,0,0,0,0,3.1164085657700444,0.0,0
http://intersel-idf.org/ecrire/crimgroup.exe,1,0,0,1035,23050,0.8703320059999999,0,0,0,0,0,3.884600662692359,0.02702702702702703,0
https://hoayeuthuong-my.sharepoint.com/:u:/p/ketoan/EfnD_rdevgVJmoX4EILxp5wBtTUtqxQ8H5mRTLAIo44ypQ?e=ZBNPel&download=1,1,0,0,1100,779,1.0644152390000001,0,0,0,0,0,5.390152272824672,0.05454545454545454,0
http://141.226.94.115:29501/.i,1,0,0,633,892,1.069143623,0,0,0,0,0,3.2033650875091753,0.0,0
http://186.112.228.11:39932/.i,1,0,0,633,892,1.069143623,0,0,0,0,0,3.062273239777152,0.0,0
http://ozkayalar.com/admin836cnxhpb/LLC/rm7o1nlYgBWP/,1,0,0,883,7324,1.024217022,0,0,0,0,0,4.691721466785482,0.0,0
http://14.52.15.248:36537/.i,1,0,0,633,892,1.069143623,0,0,0,0,0,3.403989446485261,0.0,0
https://raw.githubusercontent.com/pistacchietto/java-update/master/src/update/DownloadFile.java,1,0,0,48,101,1.0026773759999998,0,0,0,0,0,4.337786066215256,0.011494252873563218,0
http://sbhosale.com/wp-admin/QegMHxHHw/,1,0,0,82,82278,1.001447165,0,0,0,0,0,4.327819531114783,0.03125,0
http://com-che-3200165298.wikyzone.com/,1,0,0,25,244,0.996974281,0,0,0,0,0,4.327819531114783,0.0625,0
http://down.haote.com/xiaoyuduanxi.zip,1,0,0,10428,1294,1.044887101,0,0,0,0,0,3.9779168746936353,0.0,0
http://104.192.108.19/softdl.360tpcdn.com/LOLBox/LOLBox_3.7.2.exe,1,0,0,153100,10130,1.041115649,0,0,0,0,0,4.4741075036363585,0.017241379310344827,0
https://skizia.com/proposal7363573777373gd67333/document73635736533,1,0,0,0,0,1.000060758,14,4,5,26,8,3.9607798484977996,0.0,0
http://69.167.151.209/files/5be5fbdef31fbcd3790c2f57a7bb2954/details.php,1,0,0,570,897,1.005338078,0,0,0,0,0,4.374774214108441,0.0,0
https://www.plastic-wiremesh.com/w2.plastic-wiremesh.com/report/,1,0,-1,-1,-1,-1.0,0,0,0,0,0,4.00545961261383,0.038461538461538464,0
http://zhetysu360.kz/wp-content/multifunctional_zone/640221481864_5opPELZeS_CsXTmFa3J_DK4D0WXOWBV/9novu1nhjxqy59_uut2u5351v54yx/,1,0,0,508,1117,1.074157165,0,0,0,0,0,5.37018330918949,0.049586776859504134,0
http://vadyur.github.io/kodi_repo/repo/script.media.aggregator/script.media.aggregator-2.0.9.zip,1,0,0,4241,1117,1.047101918,0,0,0,0,0,4.244267701839482,0.02247191011235955,0
http://redgreenblogs.com/php/teeMacro.exe,1,0,0,34,556351,1.00003035,0,0,0,0,0,3.9356610924641577,0.0,0
http://inapadvance.com/wp-content/plugins/woocommerce/includes/files/thai.exe,1,0,0,7034,13715,1.02981224,0,0,0,0,0,4.22181096733537,0.014285714285714285,0
http://172.90.37.142:54272/.i,1,0,0,633,892,1.069143623,0,0,0,0,0,3.3342094594480476,0.0,0
http://www.elegantshop.gr/scripts/js/25f9dd,1,0,0,7,54,1.010204082,0,0,0,0,0,4.226409765557392,0.0,0
http://itanet-webclass.wpdevcloud.com/wp-includes/widgets/ID2/desktop/desktop.telefone.php#7328009767710435256743988024091070310#64553577836643089965891342545741774668,1,0,0,23,23431,0.998655858,0,0,0,0,0,4.850175750150128,0.025,0
http://p3.zbjimg.com/task/2009-06/29/106045/a9to40e7.rar,1,0,0,1397,1094,1.068517223,0,0,0,0,0,4.484422538293694,0.02040816326530612,0
https://tough1cleaning.com/app/office365/com/,1,0,0,1,226,0.973451327,3,2,0,5,0,4.128372284547869,0.0,0
http://cvc.com.pl/pub/331351937320/,1,0,0,1153,12247,1.042241402,3,2,0,5,0,3.8388043692446137,0.0,0
https://pastebin.com/raw/PUncVV2C,1,0,0,2146,103099,1.000004554,0,0,0,11,0,4.243856189774723,0.0,0
http://sterilizationvalidation.com/wordpress/wp-content/themes/files/coc.exe,1,0,0,7312,14978,1.023933959,0,0,0,0,0,4.166303174628244,0.014492753623188406,0
http://down1.greenxf.com:8010/%E5%BA%94%E7%94%A8%E8%BD%AF%E4%BB%B6/%E8%BD%AC%E6%8D%A2%E7%BF%BB%E8%AF%91/nuochengnczhq(www.greenxf.com).zip,1,0,0,125991,1830,1.041603308,0,0,0,0,0,4.685321906061975,0.183206106870229,0
https://shipment-status.com/basic.php?k=7713586a8c2692165f3c80e44074cecb5d3cbd96,1,0,0,4,140,0.660287081,0,0,0,0,0,4.764364453164007,0.041666666666666664,0
http://5.95.226.79:46284/.i,1,0,0,633,892,1.069143623,0,0,0,0,0,3.2841837197791888,0.0,0
http://153284594738391.statictab.com/2506080?,1,0,0,183,7080,0.935478224,26,14,13,31,19,4.253863368422077,0.02631578947368421,0
http://69.167.151.209/files/cfd8aa7d37fcfd2165b18e10d3806985/details.php,1,0,0,570,897,1.005338078,0,0,0,0,0,4.385388920814485,0.0,0
https://ddphandicrafts.com/bible/ChaseBank/2mjhiotu=/email.php,1,0,0,118,4070,0.971166448,0,0,0,0,0,4.446939530254382,0.018518518518518517,0
http://45.139.236.14/wotsuper3.exe,1,0,0,3128,6181,1.048515176,0,0,0,0,0,3.9582291686698796,0.0,0
https://nevsunca.com/wp-json/oembed/1.0/auth/,1,0,0,68,208,0.9153581940000001,3,2,0,0,0,4.185823555333621,0.02702702702702703,0
http://69.167.151.209/files/0c32562339562f585d2df8c25596a7aa/,1,0,0,445,5018,1.005444646,0,0,0,0,0,4.027105558716288,0.0,0
https://onedrive.live.com/download?cid=569F732A389E1EA2&resid=569F732A389E1EA2%21405&authkey=AIa3mGXGS9Nn5ng,1,0,0,1738,889,1.06769709,0,0,0,0,0,5.164631136243617,0.07,0
http://177.54.83.22:55482/.i,1,0,0,676,1116,1.06589444,0,0,0,0,0,3.27280432733462,0.0,0
http://g.7230.com/pcv/xzys_dnb_jf.exe,1,0,0,48565,11472,1.042175055,0,0,0,0,0,4.41506101220307,0.06666666666666667,0
http://thaibbqculver.com/templates/thaibbqsf/images/zinf.jpg,1,0,0,7274,8011,1.030613287,0,0,0,0,0,4.340943567689105,0.0,0
http://da.alibuf.com:3/445.exe,1,0,0,224,13581,1.0209524970000001,0,0,0,0,0,4.0559581516151235,0.0,0
https://berbagi-video-mantapmantap.000webhostapp.com/,1,0,0,594,1005,0.970254958,0,0,0,0,0,4.157650873722836,0.044444444444444446,0
https://fishingbigstore.com/addons/YFIS-Sxlnf7bcFMUJ83w_chuuqPaZg-LF6/,1,0,0,1,30604,1.0013396940000001,0,0,0,0,0,5.082597923010942,0.04838709677419355,0
http://sabupda.vizvaz.com/grafil.exe,1,0,0,2007,4846,1.047082732,0,0,0,0,0,4.142295219190901,0.0,0
http://wangtong7.siweidaoxiang.com/weijing.exe,1,0,0,1640,4383,1.05096258,0,0,0,0,0,3.8333716936547946,0.0,0
http://hingcheong.hk/wp-content/plugins/freedom/eye.exe,1,0,0,7604,8383,1.053619303,0,0,0,0,0,4.17091452195184,0.020833333333333332,0
http://raise.nu/icloud.com/07f36a09a00f3798d68cfafd68f1daaf/check.php?961b2a00a8f62af136f661832e24f52d?dispatch=FVtayozpQFAjGSF4BfHn78JiaTIEbSvxgRwuSfoujBhJBS2J0K,1,0,0,2,10763,1.0032350490000002,7,7,0,0,0,5.290519343943102,0.01935483870967742,0
http://95.132.129.250:1029/.i,1,0,0,676,1116,1.06589444,0,0,0,0,0,3.118078209349709,0.0,0
http://inlesb.com.my/content/destination/checkpoint/datafiles/page/login.php?cmd=login_submit&id=1f48647bc05fe5a445b222f3c8c2627a1f48647bc05fe5a445b222f3c8c2627a&session=1f48647bc05fe5a445b222f3c8c2627a1f48647bc05fe5a445b222f3c8c2627a,1,0,0,63,281,0.990552669,0,0,0,0,0,4.70839530604902,0.030837004405286344,1
https://4st1d.codesandbox.io/chaseonline.chase.com/secure/chaseonline.chase.com/chaseonline.chase.com/,1,0,0,1,1435,1.010452962,9,8,0,0,0,3.8863016736596974,0.0,1
https://www.gamee.top/wp-admin/ozXuzYTf/,1,0,0,946,2601,1.0478458259999999,0,0,0,0,0,4.208966082694624,0.03571428571428571,0
http://alohasoftware.net/HrQo/,1,0,0,1501,5763,1.02883128,0,0,0,0,0,3.7622673906514947,0.0,0
https://nevsunca.com/wp-json/oembed/1.0/auth/ContactEmail_Notification.html,1,0,0,7,110,1.007936508,0,0,0,0,0,4.463727303348946,0.029850746268656716,0
https://drive.google.com/uc?export=download&id=1OTx0IxAGluWa0AFZHdGXDmmw1G_lgtKZ,1,0,0,1372,1065,1.046866385,0,0,0,0,0,4.9908437099203535,0.06944444444444445,0
http://dusdn.mireene.com/wer.exe,1,0,0,692,2965,1.064497888,0,0,0,0,0,3.5132696895151074,0.0,0
http://wt110.downyouxi.com/qinruzhezuozhanxunlian.exe,1,0,0,157258,1646,1.041428263,0,0,0,0,0,4.23260373898627,0.0,0
http://198.46.205.78/nope/daddyscum.spc,1,0,0,481,1910,1.011341735,0,0,0,0,0,4.288909765557392,0.0,0
http://181.129.45.202:64758/.i,1,0,0,676,1116,1.06589444,0,0,0,0,0,3.501397825434103,0.0,0
https://redhldeliveryww44.000webhostapp.com/delivery.php?code=4082007,1,0,0,594,1005,0.970254958,0,0,0,0,0,4.415237797007567,0.03278688524590164,0
https://docusign-secure3.ml/docusign-app/login.php,1,0,0,68,208,0.9153166420000001,3,2,0,0,0,4.1236456962277055,0.047619047619047616,1
http://alrazi-pharrna.com/inv.exe,1,0,0,6145,21859,1.05325998,0,0,0,0,0,3.902174814211727,0.038461538461538464,0
http://103.31.47.214:10422/.i,1,0,0,676,1116,1.06589444,0,0,0,0,0,3.118078209349709,0.0,0
http://plain-yame-5621.sub.jp/AUH/FNK.exe,1,2,0,239,11315,0.9803850159999999,7,3,1,6,0,4.572469458770135,0.058823529411764705,0
https://novaopcaomotos.com.br/OurTime/ourtimet,1,0,0,1,226,0.973451327,0,0,0,0,0,3.9015785803191063,0.0,0
http://l7n2.com/news/wp-includes/ID3/boa/a4588b2238c4244567744117f04422c4/index.php?HmycXlRe3814585148=FoW72nfAlHG,1,0,0,1,246,1.004065041,0,0,0,0,0,4.967463563991161,0.028037383177570093,0
http://37.34.250.243:13713/.i,1,0,0,633,892,1.069143623,0,0,0,0,0,3.2044479607083507,0.0,0
https://4st1d.codesandbox.io/chaseonline.chase.com/chaseonline.chase.com/chaseonline.chase.com/,1,0,0,1,1435,1.010452962,9,8,0,0,0,3.8217332276837648,0.0,0
http://103.139.219.9:54376/.i,1,0,0,676,1116,1.06589444,0,0,0,0,0,3.4474015047059137,0.0,0
http://ca.surveygizmo.com/s3/50072358/at-t,1,0,0,116,4394,0.978631678,0,0,0,0,0,4.422000516883152,0.02857142857142857,0
http://www.ltseo.se/cgi-bin/invoice/,1,0,0,869,12248,1.048197316,0,0,0,0,0,3.6234651896016463,0.04,0
http://69.167.151.209/files/49452dfc267eb0d20f37392c6bc32621,1,0,0,445,5018,1.005454545,0,0,0,0,0,4.071496870755259,0.0,0
https://down.soft.6789.net/channel/Zip/6789Zip_121.exe,1,0,0,75240,24355,1.041332361,0,0,0,0,0,4.463673097314328,0.021739130434782608,0
http://xkvdlim.dermals.org/2a143,1,1,0,25,14251,0.9787257509999999,20,15,10,30,2,4.163856189774723,0.0,0
http://hostzaa.com/song/mDqU6/,1,0,0,894,5346,1.032306952,0,0,0,0,0,3.849223912390625,0.0,0
https://drive.google.com/uc?id=1g9XNPOOFQzRhz0TQmswKWxcYZQHGBABy&export=download,1,0,0,2393,1149,1.046724941,0,0,0,0,0,5.273684376262025,0.05555555555555555,0
http://www.softhy.net/softhy.net_down/dedesupertabs.exe,1,0,0,8208,9496,1.029648736,0,0,0,0,0,3.9530526427851633,0.022727272727272728,0
http://grpbkpwa.xx.ygto.com/,1,0,0,1,162,1.018404908,0,0,0,0,0,3.7849418274376423,0.0,0
http://archives.subscribermail.com/msg/c42b59de50564cc3958af9ca20de27d8.htm,1,0,0,660,1075,0.959187305,0,0,0,0,0,4.57370259169817,0.0,0
http://151.236.38.234/ffwgrgrgfg11,1,0,0,975,30803,1.007594835,0,0,0,0,0,3.4858259278490094,0.0,0
http://178.22.117.102:5829/.i,1,0,0,676,1116,1.06589444,0,0,0,0,0,3.1867043459100235,0.0,0
http://et.interac.ca-dnb.club/sh/W5f3o50/bdesj/desj2.php,1,0,0,118,4070,0.9711966479999999,0,0,0,0,0,4.451045558224314,0.02040816326530612,0
http://69.167.151.209/files/312a419522010336512b7dee0c10fb0b/,1,0,0,445,5018,1.005444646,0,0,0,0,0,4.029729807791775,0.0,0
http://114.238.9.23:33358/i,1,0,0,917,719,1.0488719359999998,0,0,0,0,0,3.2037016960573483,0.0,0
http://grupviral18.000webhostapp.com/login.php,1,0,0,594,1005,0.970254958,0,0,0,0,0,4.31426624499232,0.0,1
http://m.facebook.com-check-3487266852.kranti-india.org/,1,0,0,1,226,0.973451327,0,0,0,0,0,4.451045558224314,0.061224489795918366,0
http://small.962.net/bd/CFtxfkV12309.rar,1,0,0,8413,1405,1.044183928,0,0,0,0,0,4.47606419505047,0.0,0
https://control2-8dd4d.firebaseapp.com/,1,0,0,101,8125,0.995099425,0,0,0,0,0,4.260332600569877,0.03225806451612903,0
http://internetmillionaires.com/modules/default/6a65fa9d6f2a6e6d146b30f04bfef0b5,1,0,0,9,85,1.0063492059999999,0,0,0,0,0,4.414963086926069,0.0,0
http://217.8.117.23/RealtekDk.exe,1,0,0,975,8496,1.000405095,0,0,0,0,0,3.6714055834424966,0.0,0
https://parafiaczarkow.ns48.pl/user/ftp.php,1,1,0,513,3280,0.960524956,22,20,0,37,0,4.125871146123144,0.0,0
http://198.46.205.78/nope/daddyscum.arm6,1,0,0,1157,1935,1.020620098,0,0,0,0,0,4.354852073838348,0.0,0
http://down.kuwo.cn/mbox/wwwab/MBOX8.0.1.5/kuwo2015.exe,1,0,0,89439,49446,1.040686923,0,0,0,0,0,4.230388542207534,0.0,0
http://91.234.99.234/Corona.arm5,1,0,-1,-1,-1,-1.0,0,0,0,0,0,3.653660689688185,0.0,0
http://www.banco.colpatria.com.cobanca.alserviciorat-tray.com/banca-virtual/validacion/login,1,0,-1,-1,-1,-1.0,0,0,0,0,0,3.9572604941506024,0.024691358024691357,1
http://www.infopublishersassociation.com/wp-includes/images/smilies/bofa/x1x/v2/2c32a92c9e79193/login.php,1,0,0,0,0,0.707531723,6,5,0,1,0,4.53732386292464,0.010638297872340425,1
http://mbgrm.com/XXC/RAFAF.exe,1,0,0,954,52428,1.003582288,6,5,0,1,0,3.795088586397733,0.0,0
http://joinchatwhatsapp53.mrbonus.com/login.php,1,0,0,205,4070,0.952662722,0,0,0,0,0,4.196439344671015,0.0,1
http://harlem2watts.com/freem/ourtime1/v3/member.htm,1,0,-1,-1,-1,-1.0,0,0,0,0,0,3.9993806639134504,0.0,0
http://69.167.151.209/files/644eb0b6bf87bf77265c7973c4cee07a/details.php,1,0,0,570,897,1.005338078,0,0,0,0,0,4.389214306591207,0.0,0
http://45.88.110.171/download/dwn.exe,1,0,0,9,73,1.010909091,0,0,0,0,0,3.8150610122030693,0.0,0
http://redgreenblogs.com/php/Del.exe,1,0,0,42,556468,1.000033921,0,0,0,0,0,3.8404025467025056,0.0,0
http://mail.brazersex.id.ocry.com/,1,0,0,1,162,1.018404908,0,0,0,0,0,3.8380398168981555,0.0,0
http://robotrade.com.vn/wp-content/images/xiz/mikn.exe,1,1,0,352,7064,0.955792975,26,17,2,26,20,4.222052883952303,0.02127659574468085,0
https://dropb0x-files-site.000webhostapp.com/,1,0,0,599,1006,0.993322302,4,2,0,32,8,4.208924987016684,0.05405405405405406,0
http://91.234.99.234/Corona.x86_64,1,0,-1,-1,-1,-1.0,0,0,0,0,0,3.8100810205217317,0.037037037037037035,0
http://joinwhatsapp.xx.ygto.com/,1,0,0,1,162,1.018404908,0,0,0,0,0,3.943465189601646,0.0,0
http://facebook-singin.myiphost.com/,1,0,0,68,238,0.7890735,2,1,0,2,4,4.073329701949522,0.034482758620689655,0
http://davessupermarket.com.ru/jatto.exe,1,0,-1,-1,-1,-1.0,0,0,0,0,0,3.873812589567827,0.0,0
http://69.167.151.209/files/4ab43f2e644e6f20e5d425a8b165d08e/,1,0,0,445,5018,1.005444646,31,22,13,20,0,4.128063957127093,0.0,0
https://eby-kleinanzeigen-de-s-anzeige-34677225599.000webhostapp.com/,1,0,0,599,1006,0.993322302,4,2,0,32,8,4.621322534596865,0.08196721311475409,0
http://hallmarkherbals.com/chf.exe,1,0,0,11,7351,0.966911765,0,1,0,110,0,3.754163427768882,0.0,0
http://g0ogle.free.fr/services.exe,1,0,0,3511,3007,1.050131195,0,0,0,0,0,3.4526186333216113,0.0,0
https://drive.google.com/uc?id=1cn5ISDc2CQeyenvhyQxd2IHPIMBqleRG&export=download,1,0,0,2461,1312,1.073082554,0,0,0,0,0,4.990843709920355,0.05555555555555555,0
http://61.56.182.218:11549/.i,1,0,0,633,892,1.069144,0,0,0,0,0,3.2044479607083507,0.0,0
http://175.213.134.89:13848/.i,1,0,0,633,892,1.069144,0,0,0,0,0,3.327484781955842,0.0,0
http://dx.qqtn.com/qq1/vdwlyzxt.zip,1,0,0,28169,1977,1.042035,0,0,0,0,0,3.9946803684089085,0.0,0
https://news.omumusic.net/wp-content/plugins/entry-views/kfmon472/,1,0,0,950,91651,0.9857940000000001,0,0,0,0,0,4.2951326690225,0.034482758620689655,0
http://mirror.mypage.sk/ficedula/programs/libcheck.exe,1,0,0,86,1007,1.051345,0,0,0,0,0,4.198235533340309,0.0,0
https://fs12n5.sendspace.com/dlpro/26ff322b8a3f76791493c1914c9e8382/5e409e0b/rdul3d/g.exe,1,0,0,7484,37227,1.0734709999999998,0,0,0,0,0,4.622447578677162,0.0,0
http://dx.198424.com/soft3/paomaji.zip,1,0,0,5107,1386,1.043530106,0,0,0,0,0,4.260332600569877,0.0,0
https://elvin-trade.kz/admin/model/site-verification:google6ed919c64c88a3d9/home/mu0otk=,1,0,0,0,0,0.0,0,0,0,0,0,4.631198332810094,0.0375,0
http://69.167.151.209/files/1b49d27b23f880978d41db604cf0e117/details.php,1,0,0,570,897,1.005338078,0,0,0,0,0,4.396358821155979,0.0,0
http://www.iremart.es/farmautils/AMH_Update.exe,1,0,0,401,7324,1.0071343320000001,0,0,0,0,0,4.083274571476651,0.027777777777777776,0
https://ferolt.com/reliabe/log-in/login.php,1,0,0,9,123,1.005012531,0,0,0,0,0,3.978864088188097,0.02857142857142857,1
http://patch3.51mag.com/2012/cry2me+7tr-lng.rar,1,0,0,15724,1198,1.046136382,0,0,0,0,0,4.3275671571169285,0.05,0
https://raw.githubusercontent.com/pistacchietto/Win-Python-Backdoor/master/woffice.py,1,0,0,327,177,1.0036949370000001,0,0,14,0,0,4.414251437914459,0.025974025974025976,0
http://69.167.151.209/files/96e83ba7375393eef459e8315dc43417,1,0,0,445,5018,1.005454545,31,22,13,20,0,4.093894814296637,0.0,0
http://robotrade.com.vn/wp-content/images/views/qaxCr0UKyI0yfkE.exe,1,1,0,352,7064,0.9874476990000001,24,17,2,26,20,4.685487053689447,0.016666666666666666,0
http://1.246.223.18:1988/Mozi.m,1,0,0,917,719,1.0488719359999998,0,0,0,0,0,3.65726822961739,0.0,0
http://dyyxcfiz.dermals.org/fe07f5867,1,1,0,31,2754,0.912687,20,15,10,30,2,4.348394345536403,0.0,0
http://dx63.downyouxi.com/shuaijiaobawang2.exe,1,0,0,228089,1785,1.041513524,0,0,0,0,0,4.252974975106084,0.0,0
http://ironkeyinvestments.com/wp-content/plugins/contact-form-7/includes/js/9ab772/caps.htm?cmd=Complete,1,0,0,313,90531,0.9902999109999999,29,20,4,17,4,4.574105333065022,0.05154639175257732,0
http://83.67.163.73:3189/.i,1,0,0,633,892,1.069143623,0,0,0,0,0,3.1219280948873624,0.0,0
http://wt122.downyouxi.com/moshoulianliankan.exe,1,0,0,34911,6493,1.041691792,0,0,0,0,0,4.1898860782540055,0.0,0
http://wp.99vip.com.cn/nirw/disponible_matriz//0MD17YZf_QEqOrjQHEtS3AV_0MD17YZf_QEqOrjQHEtS3AV/bb9tp8enP_4iGnciu0/,1,0,0,7,41,0.970024,0,0,0,0,0,5.244691491836459,0.04672897196261682,0
http://drive.google.com.it-barcelona.com/frm0reseen/PrntScrnOfAMZOrderID.jpg.exe,1,0,0,3827,4626,1.046274189,0,0,0,0,0,4.530118867153012,0.0136986301369863,0
https://www.lhbfirst.com/wp-admin/ix0428/,1,0,0,2295,22329,1.025547194,0,0,0,0,0,4.461092201874918,0.034482758620689655,0
http://187.183.213.88:56648/.i,1,0,0,633,892,1.069143623,0,0,0,0,0,3.2903216092483056,0.0,0
https://drive.google.com/uc?export=download&id=1PH2nr9eVHdkZGVVPgvbpqugfJK49gtlA,1,0,0,9,39,1.0070921990000001,0,0,0,0,0,4.989456689502162,0.05555555555555555,0
http://activecost.com.au/wp-admin/css/colors/blue/xls/,1,0,0,100,474,1.0562027040000002,0,0,0,0,0,4.1026988313047115,0.02127659574468085,0
http://banzaimonkey.com/images/rns3-4zsqu-qtkrl/,1,0,0,75,1190,1.074835665,0,0,0,0,0,4.387443772646929,0.04878048780487805,0
https://itanet-webclass.wpdevcloud.com/wp-includes/widgets/ID2/desktop/desktop.cartao.php,1,0,0,23,23431,0.998655858,0,0,0,0,0,4.388871226349459,0.024691358024691357,0
http://joinchatgrupwhatsapp92.mrbonus.com/login.php,1,0,0,205,4070,0.9527000390000001,0,0,0,0,0,4.217859107657962,0.0,1
http://221.166.254.127:37094/.i,1,0,0,633,892,1.069143623,0,0,0,0,0,3.4701755214643453,0.0,0
http://joinchatwhatsapp17.mrbonus.com/login.php,1,0,0,205,4070,0.9526440409999999,0,0,0,0,0,4.196439344671015,0.0,1
http://pat4.jetos.com/pxp.exe,1,0,0,5611,1491,1.043985824,0,0,0,0,0,3.5383105956150054,0.0,0
http://89.35.39.74/ARES.sh,1,0,0,27,205,1.016345955,0,0,0,0,0,3.6163485660751626,0.0,0
https://zetalogs.com/wp-includes/UUO2l9rLzB/,1,0,0,2213,21487,1.025912819,0,0,0,0,0,4.572431251322119,0.027777777777777776,0
http://119.77.165.204:12273/.i,1,0,0,273,153,1.002756403,0,0,0,0,0,3.4144413036949723,0.0,0
https://raw.githubusercontent.com/pistacchietto/java-update/master/src/update/update.java,1,0,0,273,153,1.002756403,0,0,0,0,0,4.144311085427774,0.012345679012345678,0
http://intersel-idf.org/squelettes-dist/w2.exe,1,0,0,1035,23050,0.8703320059999999,0,0,0,0,0,3.9416490917707945,0.05128205128205128,0
http://alainghazal.com/Februar2019/HNMGGPLNNL8005707/,1,0,0,1690,6271,1.024423639,0,0,0,0,0,4.673139880431712,0.0,0
http://51.89.76.220/x86,1,0,0,463,41629,0.9849604059999999,0,0,0,0,0,3.327819531114783,0.0,0
http://gubg.pro/cdcgov/files/0a05babc0bdf4eb33bb639262c2b0d17.php,1,0,0,62,1757,0.851402076,1,0,0,0,0,4.469544356972731,0.0,0
http://www.wnksupply.co.th//images/ValueALHaBqeSzC.exe,1,0,0,2238,4946,1.0645669709999999,0,0,0,0,0,4.638490266773558,0.0,0
http://www.sanlen.com/soft/zkill/arpspoofingkiller.exe,1,0,0,574,4503,1.0542080090000001,0,0,0,0,0,4.06279520858371,0.0,0
https://reisl.uac.bj/wp-admin/js/widgets/add/login.php?cmd=login_submit&id=d3a9494142cffaef8b35564466f4dd79d3a9494142cffaef8b35564466f4dd79&session=d3a9494142cffaef8b35564466f4dd79d3a9494142cffaef8b35564466f4dd79,1,0,0,77,380,0.9495368890000001,0,0,0,0,0,4.680234313674296,0.0392156862745098,1
http://bd19.52lishi.com/bd12836.zip,1,0,0,5432,1239,1.048996931,0,0,0,0,0,4.182005814760214,0.0,0
http://1.246.223.3:4051/Mozi.m,1,0,0,917,719,1.0488719359999998,0,0,0,0,0,3.7081320646586016,0.0,0
http://69.167.151.209/files/52de431351bb6a70683c4ff47aa4a08e/,1,0,0,445,5018,1.005444646,0,0,0,0,0,4.242873789353385,0.0,0
http://www.aresorganics.com/wp-content/plugins/W87-646799K229953495.zip,1,0,0,5098,1070,1.047550978,0,0,0,0,0,4.704574504151559,0.03333333333333333,0
http://lt02.datacomspecialists.net/labtech/transfer/chatassist/chatassist.exe,1,0,0,374,6105,0.987413615,0,0,0,0,0,3.8956835184309337,0.0,0
http://37.222.98.51:1769/.i,1,0,0,633,892,1.069143623,0,0,0,0,0,3.384183719779189,0.0,0
https://elvin-trade.kz/admin/model/site-verification:google6ed919c64c88a3d9/home/myaccount/vbv.php?websrc=ad3a9d2b11e818978d5ef36c7b424686&dispatched=33&id=4948997413,1,0,0,0,0,0.0,0,0,0,0,0,4.956457860684509,0.05063291139240506,0
http://88.80.20.35/zehir/z3hir.mips,1,0,0,221,1252,1.067693035,0,0,0,0,0,3.753434386188785,0.0,0
https://robotrade.com.vn/wp-content/images/img/Ori4_encrypted_2651F90.bin,1,0,0,2477,1041,1.077129867,0,0,0,0,0,4.645691759869008,0.046153846153846156,0
http://zdy.17110.com/Controls/Control.exe,1,0,0,10866,10381,1.034645241,0,0,0,0,0,4.054538856580818,0.0,0
https://raw.githubusercontent.com/pistacchietto/Win-Python-Backdoor/master/wupsw.xml,1,0,0,36,134,0.989026718,0,0,0,0,0,4.473008395159623,0.02631578947368421,0
http://185.172.110.243/armv5l,1,0,0,1021,9997,1.006211132,0,0,0,0,0,3.6978458230844105,0.0,0
http://soulcastor.com/wp-admin/HqCn/,1,0,0,666,3272,1.0287245740000002,0,0,0,0,0,4.1852301329094015,0.034482758620689655,0
http://82.81.197.254:39498/.i,1,0,0,633,892,1.069143623,0,0,0,0,0,3.390805482076981,0.0,0
http://89.122.77.154:59209/.i,1,0,0,633,892,1.069143623,0,0,0,0,0,3.3908054820769813,0.0,0
http://config.wwmhdq.com/bug/jkpic/JikePicUpFile.exe,1,0,0,2006,16238,1.0217399790000001,0,0,0,0,0,4.400310530134925,0.0,0
http://31.179.217.139:20657/.i,1,0,0,676,1116,1.06589444,0,0,0,0,0,3.36030597770208,0.0,0
http://200.180.159.138:65505/.i,1,0,0,633,892,1.069143623,0,0,0,0,0,3.3035088547976788,0.0,0
https://elvin-trade.kz/admin/model/site-verification:google6ed919c64c88a3d9/home/myaccount/billing.php?websrc=e17ea285ad581008aac6b89b49ab879e&dispatched=46&id=5770363939,1,0,0,0,0,0.0,0,0,0,0,0,4.968392089553915,0.04938271604938271,0
https://raw.githubusercontent.com/yinghuocho/download/master/firefly_windows_386.exe,1,0,0,117143,120989,1.0164054470000001,0,0,0,0,0,4.510360244386859,0.02631578947368421,0
http://dev5.mypagevn.com/ngoclinhsam/4jwxi-wnvi-95291/,1,0,0,1027,6418,1.0385811740000002,0,0,0,0,0,4.554172894046703,0.0425531914893617,0
https://achatventeonline.000webhostapp.com/,1,0,0,599,1006,0.992849545,4,2,0,32,8,3.9928705166358984,0.0,0
http://bd1.52lishi.com/bd80507.zip,1,0,0,111789,1578,1.0416641709999999,4,2,0,32,8,4.106377316818028,0.0,0
https://fbgroupscuba.000webhostapp.com/,1,0,0,599,1006,0.992849545,4,2,0,32,8,4.018081793978685,0.0,0
http://vinaschool.com.vn:8081/asterbilling/upload/personal-WOOq2Dd-eFxwFq94pLmB/security-portal/786214-Vq8XgrQ/,1,0,0,9,137,1.008241758,0,0,0,0,0,5.142619829022394,0.038461538461538464,0
https://bo9rsdpxoaz.appspot.com/,1,0,0,0,0,0.0,13,12,5,4,1,3.6682958340544896,0.0,0
https://www.aceite.com.br/Business.management,1,0,0,9,85,1.0063492059999999,0,0,0,0,0,3.790331150108328,0.0,0
http://galuhtea.com/ebbut/ebv.exe,1,0,0,480,31384,1.008370856,0,0,0,0,0,3.686419411348773,0.0,0
https://bingxiong.vip/wp-admin/multifunctional-592450038576-9L2RTq/interior-vtrycvhpzizys-dxsmnt2rfr9h/j24FUTDxk-ckg1doti/,1,0,0,1118,16006,1.040978702,0,0,0,0,0,5.167069102934255,0.05263157894736842,0
http://sandwichmill.net/img/htaccess/secured,1,0,0,168,271,0.952652005,1,0,0,2,0,3.925405392539033,0.0,0
http://1.246.222.98:3491/i,1,0,0,917,719,1.0488719359999998,1,0,0,2,0,3.2608281712244542,0.0,0
http://drools-moved.46999.n3.nabble.com/attachment/4031209/0/message.zip,1,0,0,256,2743,1.073055361,1,0,0,2,0,4.572539644451108,0.015384615384615385,0
https://drive.google.com/uc?export=download&id=1tL3zQ9kMoB4IYZY6BXkKkRLUbcvYZnHU,1,0,0,9,39,1.0070921990000001,0,0,0,0,0,5.160605078344297,0.05555555555555555,0
https://www.riyanenterprise.com/wp-admin/741252.exe,1,0,0,2584,286,1.05417345,0,0,0,0,0,4.314266244992319,0.02564102564102564,0
http://75.127.141.52:38129/.i,1,0,0,633,892,1.069143623,0,0,0,0,0,3.334209459448047,0.0,0
https://www.pakansa.com/figo/53.com/login2.php?&s2sd97Sv5FnCaPEFqOlE6K7ckmByiXYKZrY8zQEEv1hFRVlhJGWQq33LqEjIBitBKrKjioYNpftgaPyUvuKWyNHZs1I4kbF4DpoVOmJdBduM23Gyyru7fc6HdPMx0sCES1zGnjUZwpMzst71UC89OfR14Ez56cJZdjGBCAB9ZnIsQQuLsCUgSMiWqS2x4Lxh5dTHNuRN,1,0,0,9,85,1.00536193,0,0,0,0,0,5.882515988823382,0.00847457627118644,0
http://u0997683.cp.regruhosting.ru/home/no/7e3980e218fde2a/login.php,1,0,0,16,150108,0.999818243,6,0,147,2059,29,4.5594465098293675,0.0,1
http://demo.qsig.net/wp-content/plugins/ltbvtil/connect/Wellsfargo/7845672f0743a282d73d00b9455a2473/verify/6s3far3kqazwkm3mfz5o907r.php?AK962K15857184640ef2eb9f8f699dc29516ed9019e88a400ef2eb9f8f699dc29516ed9019e88a400ef2eb9f8f699dc29516ed9019e88a400ef2eb9f8f699dc29516ed9019e88a400ef2eb9f8f699dc29516ed9019e88a40&email=,1,0,0,191,1911,0.9565868259999999,10,7,1,14,5,4.804726775312201,0.01282051282051282,0
http://www.malhaviaria.com.br/Empresa/mv/passport.alibaba.com,1,0,-1,-1,-1,-1.0,0,0,0,0,0,3.830490379766755,0.0,0
http://46.161.185.15:33155/.i,1,0,0,676,1116,1.06589444,0,0,0,0,0,3.0226297788901695,0.0,0
https://emagcreator.com/johnmills/Documents_File_Recieved_0198522/,1,1,1,222,249,0.95205621,15,9,17,29,0,4.570549366454174,0.05172413793103448,0
http://newgrupbokep.changeip.biz/login.php,1,0,0,205,4070,0.952592593,0,0,0,0,0,3.946880788794847,0.0,1
http://oa.hys.cn/weaverplugin/chinaexcel.exe,1,0,0,21458,4826,1.04524508,0,0,0,0,0,4.0059580950078475,0.0,0
http://www.softhy.net/softhy.net_down/5qq0free.exe,1,0,0,4502,1491,1.045077547,0,0,0,0,0,3.938496449298638,0.02564102564102564,0
http://fs13n4.sendspace.com/dlpro/785e938a0412e80983385f128036ddb0/5d7425ef/ckbps9/rjfnc6mcj6oaux0.exe,1,0,0,4226,5780,1.049946321,0,0,0,0,0,4.709241536198853,0.0,0
http://hazel-azure.co.th/application/balance/INC/,1,0,0,930,17256,1.043279178,0,0,0,0,0,4.111973672521204,0.023809523809523808,0
http://103.30.183.173/adm/private-box/interior-7981676088-8WL7vtU/36133092-400t2SF/,1,0,0,910,17091,1.045352262,0,0,0,0,0,4.603062633302869,0.05263157894736842,0
http://69.167.151.209/files/1caf4b52d1ecfcc82e2e92615b2e75bd/,1,0,0,445,5018,1.005444646,31,22,13,20,0,4.066766844828812,0.0,0
http://198.46.205.78/nope/daddyscum.sh4,1,0,0,9,74,1.010169492,0,0,0,0,0,4.351409765557392,0.0,0
http://103.76.20.197:49755/.i,1,0,0,676,1116,1.06589444,0,0,0,0,0,3.51602764126623,0.0,0
http://bd12.52lishi.com/bd64813.zip,1,0,0,18858,1328,1.04312778,0,0,0,0,0,4.182005814760214,0.0,0
http://183.105.206.26:17772/.i,1,0,0,633,892,1.069143623,0,0,0,0,0,3.3816201079487347,0.0,0
http://69.167.151.209/files/1f4e66f2b0e441c61b3b832d09c257b5/,1,0,0,445,5018,1.005444646,31,22,13,20,0,4.140840918902886,0.0,0
https://lanabe.si/js/lib/uploader/mtbonline/redirect.html,1,0,0,7,54,1.010204082,0,0,0,0,0,4.051375988316682,0.0,0
http://magacor.com/sanpedroregalado/assets/www-sbofa.coom-login/www-boa/update.html,1,0,0,1,3,2.0,0,0,0,0,0,4.197574802963717,0.039473684210526314,1
http://melonco.com/images/stwha.jpg,1,0,0,1,226,0.973451327,22,15,6,41,9,3.9677201004744993,0.0,0
https://konfirmasi-masuk.000webhostapp.com/,1,0,0,599,1006,0.992849545,4,2,0,32,8,4.221441945207327,0.02857142857142857,0
http://51.89.76.220/armv5l,1,0,-1,-1,-1,-1.0,0,0,0,0,0,3.7871439606981383,0.0,0
http://46.236.65.108:55511/.i,1,0,0,676,1116,1.06589444,0,0,0,0,0,3.29989639116789,0.0,0
http://51.89.76.220/mips,1,0,-1,-1,-1,-1.0,0,0,0,0,0,3.6901165175936654,0.0,0
https://tniad.org/boss/excelzz?email=nobody@mycraftmail.com,1,0,0,9,85,1.006349,0,0,0,0,0,4.365970626616777,0.058823529411764705,0
http://112.187.217.80:55750/.i,1,0,0,633,892,1.069144,0,0,0,0,0,3.153571738477581,0.0,0
